sample_id,cell_id,cell_bed
sample_A,cell_100001,/data/rds/DMP/UCEC/GENEVOD/ggandolfi/Github/ProCESS-scATAC/scripts/simulate_fragments/peak_based/fragments_cells_big_correct/cell_100001.bed
sample_A,cell_100040,/data/rds/DMP/UCEC/GENEVOD/ggandolfi/Github/ProCESS-scATAC/scripts/simulate_fragments/peak_based/fragments_cells_big_correct/cell_100040.bed
sample_A,cell_100098,/data/rds/DMP/UCEC/GENEVOD/ggandolfi/Github/ProCESS-scATAC/scripts/simulate_fragments/peak_based/fragments_cells_big_correct/cell_100098.bed
sample_A,cell_100109,/data/rds/DMP/UCEC/GENEVOD/ggandolfi/Github/ProCESS-scATAC/scripts/simulate_fragments/peak_based/fragments_cells_big_correct/cell_100109.bed
sample_A,cell_100137,/data/rds/DMP/UCEC/GENEVOD/ggandolfi/Github/ProCESS-scATAC/scripts/simulate_fragments/peak_based/fragments_cells_big_correct/cell_100137.bed
sample_A,cell_100160,/data/rds/DMP/UCEC/GENEVOD/ggandolfi/Github/ProCESS-scATAC/scripts/simulate_fragments/peak_based/fragments_cells_big_correct/cell_100160.bed
sample_A,cell_100189,/data/rds/DMP/UCEC/GENEVOD/ggandolfi/Github/ProCESS-scATAC/scripts/simulate_fragments/peak_based/fragments_cells_big_correct/cell_100189.bed
sample_A,cell_100281,/data/rds/DMP/UCEC/GENEVOD/ggandolfi/Github/ProCESS-scATAC/scripts/simulate_fragments/peak_based/fragments_cells_big_correct/cell_100281.bed
sample_A,cell_100373,/data/rds/DMP/UCEC/GENEVOD/ggandolfi/Github/ProCESS-scATAC/scripts/simulate_fragments/peak_based/fragments_cells_big_correct/cell_100373.bed
sample_A,cell_100438,/data/rds/DMP/UCEC/GENEVOD/ggandolfi/Github/ProCESS-scATAC/scripts/simulate_fragments/peak_based/fragments_cells_big_correct/cell_100438.bed
sample_A,cell_100482,/data/rds/DMP/UCEC/GENEVOD/ggandolfi/Github/ProCESS-scATAC/scripts/simulate_fragments/peak_based/fragments_cells_big_correct/cell_100482.bed
sample_A,cell_100503,/data/rds/DMP/UCEC/GENEVOD/ggandolfi/Github/ProCESS-scATAC/scripts/simulate_fragments/peak_based/fragments_cells_big_correct/cell_100503.bed
sample_A,cell_100526,/data/rds/DMP/UCEC/GENEVOD/ggandolfi/Github/ProCESS-scATAC/scripts/simulate_fragments/peak_based/fragments_cells_big_correct/cell_100526.bed
sample_A,cell_100653,/data/rds/DMP/UCEC/GENEVOD/ggandolfi/Github/ProCESS-scATAC/scripts/simulate_fragments/peak_based/fragments_cells_big_correct/cell_100653.bed
sample_A,cell_100820,/data/rds/DMP/UCEC/GENEVOD/ggandolfi/Github/ProCESS-scATAC/scripts/simulate_fragments/peak_based/fragments_cells_big_correct/cell_100820.bed
sample_A,cell_100832,/data/rds/DMP/UCEC/GENEVOD/ggandolfi/Github/ProCESS-scATAC/scripts/simulate_fragments/peak_based/fragments_cells_big_correct/cell_100832.bed
sample_A,cell_100833,/data/rds/DMP/UCEC/GENEVOD/ggandolfi/Github/ProCESS-scATAC/scripts/simulate_fragments/peak_based/fragments_cells_big_correct/cell_100833.bed
sample_A,cell_100860,/data/rds/DMP/UCEC/GENEVOD/ggandolfi/Github/ProCESS-scATAC/scripts/simulate_fragments/peak_based/fragments_cells_big_correct/cell_100860.bed
sample_A,cell_100861,/data/rds/DMP/UCEC/GENEVOD/ggandolfi/Github/ProCESS-scATAC/scripts/simulate_fragments/peak_based/fragments_cells_big_correct/cell_100861.bed
sample_A,cell_100908,/data/rds/DMP/UCEC/GENEVOD/ggandolfi/Github/ProCESS-scATAC/scripts/simulate_fragments/peak_based/fragments_cells_big_correct/cell_100908.bed
sample_A,cell_100914,/data/rds/DMP/UCEC/GENEVOD/ggandolfi/Github/ProCESS-scATAC/scripts/simulate_fragments/peak_based/fragments_cells_big_correct/cell_100914.bed
sample_A,cell_100915,/data/rds/DMP/UCEC/GENEVOD/ggandolfi/Github/ProCESS-scATAC/scripts/simulate_fragments/peak_based/fragments_cells_big_correct/cell_100915.bed
sample_A,cell_100939,/data/rds/DMP/UCEC/GENEVOD/ggandolfi/Github/ProCESS-scATAC/scripts/simulate_fragments/peak_based/fragments_cells_big_correct/cell_100939.bed
sample_A,cell_100972,/data/rds/DMP/UCEC/GENEVOD/ggandolfi/Github/ProCESS-scATAC/scripts/simulate_fragments/peak_based/fragments_cells_big_correct/cell_100972.bed
sample_A,cell_101054,/data/rds/DMP/UCEC/GENEVOD/ggandolfi/Github/ProCESS-scATAC/scripts/simulate_fragments/peak_based/fragments_cells_big_correct/cell_101054.bed
sample_A,cell_101080,/data/rds/DMP/UCEC/GENEVOD/ggandolfi/Github/ProCESS-scATAC/scripts/simulate_fragments/peak_based/fragments_cells_big_correct/cell_101080.bed
sample_A,cell_101082,/data/rds/DMP/UCEC/GENEVOD/ggandolfi/Github/ProCESS-scATAC/scripts/simulate_fragments/peak_based/fragments_cells_big_correct/cell_101082.bed
sample_A,cell_101083,/data/rds/DMP/UCEC/GENEVOD/ggandolfi/Github/ProCESS-scATAC/scripts/simulate_fragments/peak_based/fragments_cells_big_correct/cell_101083.bed
sample_A,cell_101086,/data/rds/DMP/UCEC/GENEVOD/ggandolfi/Github/ProCESS-scATAC/scripts/simulate_fragments/peak_based/fragments_cells_big_correct/cell_101086.bed
sample_A,cell_101108,/data/rds/DMP/UCEC/GENEVOD/ggandolfi/Github/ProCESS-scATAC/scripts/simulate_fragments/peak_based/fragments_cells_big_correct/cell_101108.bed
sample_A,cell_101164,/data/rds/DMP/UCEC/GENEVOD/ggandolfi/Github/ProCESS-scATAC/scripts/simulate_fragments/peak_based/fragments_cells_big_correct/cell_101164.bed
sample_A,cell_101245,/data/rds/DMP/UCEC/GENEVOD/ggandolfi/Github/ProCESS-scATAC/scripts/simulate_fragments/peak_based/fragments_cells_big_correct/cell_101245.bed
sample_A,cell_101282,/data/rds/DMP/UCEC/GENEVOD/ggandolfi/Github/ProCESS-scATAC/scripts/simulate_fragments/peak_based/fragments_cells_big_correct/cell_101282.bed
sample_A,cell_101304,/data/rds/DMP/UCEC/GENEVOD/ggandolfi/Github/ProCESS-scATAC/scripts/simulate_fragments/peak_based/fragments_cells_big_correct/cell_101304.bed
sample_A,cell_101352,/data/rds/DMP/UCEC/GENEVOD/ggandolfi/Github/ProCESS-scATAC/scripts/simulate_fragments/peak_based/fragments_cells_big_correct/cell_101352.bed
sample_A,cell_101420,/data/rds/DMP/UCEC/GENEVOD/ggandolfi/Github/ProCESS-scATAC/scripts/simulate_fragments/peak_based/fragments_cells_big_correct/cell_101420.bed
sample_A,cell_101421,/data/rds/DMP/UCEC/GENEVOD/ggandolfi/Github/ProCESS-scATAC/scripts/simulate_fragments/peak_based/fragments_cells_big_correct/cell_101421.bed
sample_A,cell_101423,/data/rds/DMP/UCEC/GENEVOD/ggandolfi/Github/ProCESS-scATAC/scripts/simulate_fragments/peak_based/fragments_cells_big_correct/cell_101423.bed
sample_A,cell_101426,/data/rds/DMP/UCEC/GENEVOD/ggandolfi/Github/ProCESS-scATAC/scripts/simulate_fragments/peak_based/fragments_cells_big_correct/cell_101426.bed
sample_A,cell_101427,/data/rds/DMP/UCEC/GENEVOD/ggandolfi/Github/ProCESS-scATAC/scripts/simulate_fragments/peak_based/fragments_cells_big_correct/cell_101427.bed
sample_A,cell_101480,/data/rds/DMP/UCEC/GENEVOD/ggandolfi/Github/ProCESS-scATAC/scripts/simulate_fragments/peak_based/fragments_cells_big_correct/cell_101480.bed
sample_A,cell_101490,/data/rds/DMP/UCEC/GENEVOD/ggandolfi/Github/ProCESS-scATAC/scripts/simulate_fragments/peak_based/fragments_cells_big_correct/cell_101490.bed
sample_A,cell_101502,/data/rds/DMP/UCEC/GENEVOD/ggandolfi/Github/ProCESS-scATAC/scripts/simulate_fragments/peak_based/fragments_cells_big_correct/cell_101502.bed
sample_A,cell_101519,/data/rds/DMP/UCEC/GENEVOD/ggandolfi/Github/ProCESS-scATAC/scripts/simulate_fragments/peak_based/fragments_cells_big_correct/cell_101519.bed
sample_A,cell_101542,/data/rds/DMP/UCEC/GENEVOD/ggandolfi/Github/ProCESS-scATAC/scripts/simulate_fragments/peak_based/fragments_cells_big_correct/cell_101542.bed
sample_A,cell_101544,/data/rds/DMP/UCEC/GENEVOD/ggandolfi/Github/ProCESS-scATAC/scripts/simulate_fragments/peak_based/fragments_cells_big_correct/cell_101544.bed
sample_A,cell_101545,/data/rds/DMP/UCEC/GENEVOD/ggandolfi/Github/ProCESS-scATAC/scripts/simulate_fragments/peak_based/fragments_cells_big_correct/cell_101545.bed
sample_A,cell_101557,/data/rds/DMP/UCEC/GENEVOD/ggandolfi/Github/ProCESS-scATAC/scripts/simulate_fragments/peak_based/fragments_cells_big_correct/cell_101557.bed
sample_A,cell_101596,/data/rds/DMP/UCEC/GENEVOD/ggandolfi/Github/ProCESS-scATAC/scripts/simulate_fragments/peak_based/fragments_cells_big_correct/cell_101596.bed
sample_A,cell_101600,/data/rds/DMP/UCEC/GENEVOD/ggandolfi/Github/ProCESS-scATAC/scripts/simulate_fragments/peak_based/fragments_cells_big_correct/cell_101600.bed
sample_A,cell_101601,/data/rds/DMP/UCEC/GENEVOD/ggandolfi/Github/ProCESS-scATAC/scripts/simulate_fragments/peak_based/fragments_cells_big_correct/cell_101601.bed
sample_A,cell_101616,/data/rds/DMP/UCEC/GENEVOD/ggandolfi/Github/ProCESS-scATAC/scripts/simulate_fragments/peak_based/fragments_cells_big_correct/cell_101616.bed
sample_A,cell_101644,/data/rds/DMP/UCEC/GENEVOD/ggandolfi/Github/ProCESS-scATAC/scripts/simulate_fragments/peak_based/fragments_cells_big_correct/cell_101644.bed
sample_A,cell_101645,/data/rds/DMP/UCEC/GENEVOD/ggandolfi/Github/ProCESS-scATAC/scripts/simulate_fragments/peak_based/fragments_cells_big_correct/cell_101645.bed
sample_A,cell_101716,/data/rds/DMP/UCEC/GENEVOD/ggandolfi/Github/ProCESS-scATAC/scripts/simulate_fragments/peak_based/fragments_cells_big_correct/cell_101716.bed
sample_A,cell_101727,/data/rds/DMP/UCEC/GENEVOD/ggandolfi/Github/ProCESS-scATAC/scripts/simulate_fragments/peak_based/fragments_cells_big_correct/cell_101727.bed
sample_A,cell_101788,/data/rds/DMP/UCEC/GENEVOD/ggandolfi/Github/ProCESS-scATAC/scripts/simulate_fragments/peak_based/fragments_cells_big_correct/cell_101788.bed
sample_A,cell_101789,/data/rds/DMP/UCEC/GENEVOD/ggandolfi/Github/ProCESS-scATAC/scripts/simulate_fragments/peak_based/fragments_cells_big_correct/cell_101789.bed
sample_A,cell_101796,/data/rds/DMP/UCEC/GENEVOD/ggandolfi/Github/ProCESS-scATAC/scripts/simulate_fragments/peak_based/fragments_cells_big_correct/cell_101796.bed
sample_A,cell_101824,/data/rds/DMP/UCEC/GENEVOD/ggandolfi/Github/ProCESS-scATAC/scripts/simulate_fragments/peak_based/fragments_cells_big_correct/cell_101824.bed
sample_A,cell_101825,/data/rds/DMP/UCEC/GENEVOD/ggandolfi/Github/ProCESS-scATAC/scripts/simulate_fragments/peak_based/fragments_cells_big_correct/cell_101825.bed
sample_A,cell_101835,/data/rds/DMP/UCEC/GENEVOD/ggandolfi/Github/ProCESS-scATAC/scripts/simulate_fragments/peak_based/fragments_cells_big_correct/cell_101835.bed
sample_A,cell_101906,/data/rds/DMP/UCEC/GENEVOD/ggandolfi/Github/ProCESS-scATAC/scripts/simulate_fragments/peak_based/fragments_cells_big_correct/cell_101906.bed
sample_A,cell_101974,/data/rds/DMP/UCEC/GENEVOD/ggandolfi/Github/ProCESS-scATAC/scripts/simulate_fragments/peak_based/fragments_cells_big_correct/cell_101974.bed
sample_A,cell_102015,/data/rds/DMP/UCEC/GENEVOD/ggandolfi/Github/ProCESS-scATAC/scripts/simulate_fragments/peak_based/fragments_cells_big_correct/cell_102015.bed
sample_A,cell_102027,/data/rds/DMP/UCEC/GENEVOD/ggandolfi/Github/ProCESS-scATAC/scripts/simulate_fragments/peak_based/fragments_cells_big_correct/cell_102027.bed
sample_A,cell_102038,/data/rds/DMP/UCEC/GENEVOD/ggandolfi/Github/ProCESS-scATAC/scripts/simulate_fragments/peak_based/fragments_cells_big_correct/cell_102038.bed
sample_A,cell_102045,/data/rds/DMP/UCEC/GENEVOD/ggandolfi/Github/ProCESS-scATAC/scripts/simulate_fragments/peak_based/fragments_cells_big_correct/cell_102045.bed
sample_A,cell_102124,/data/rds/DMP/UCEC/GENEVOD/ggandolfi/Github/ProCESS-scATAC/scripts/simulate_fragments/peak_based/fragments_cells_big_correct/cell_102124.bed
sample_A,cell_102156,/data/rds/DMP/UCEC/GENEVOD/ggandolfi/Github/ProCESS-scATAC/scripts/simulate_fragments/peak_based/fragments_cells_big_correct/cell_102156.bed
sample_A,cell_102158,/data/rds/DMP/UCEC/GENEVOD/ggandolfi/Github/ProCESS-scATAC/scripts/simulate_fragments/peak_based/fragments_cells_big_correct/cell_102158.bed
sample_A,cell_102160,/data/rds/DMP/UCEC/GENEVOD/ggandolfi/Github/ProCESS-scATAC/scripts/simulate_fragments/peak_based/fragments_cells_big_correct/cell_102160.bed
sample_A,cell_102184,/data/rds/DMP/UCEC/GENEVOD/ggandolfi/Github/ProCESS-scATAC/scripts/simulate_fragments/peak_based/fragments_cells_big_correct/cell_102184.bed
sample_A,cell_102202,/data/rds/DMP/UCEC/GENEVOD/ggandolfi/Github/ProCESS-scATAC/scripts/simulate_fragments/peak_based/fragments_cells_big_correct/cell_102202.bed
sample_A,cell_102229,/data/rds/DMP/UCEC/GENEVOD/ggandolfi/Github/ProCESS-scATAC/scripts/simulate_fragments/peak_based/fragments_cells_big_correct/cell_102229.bed
sample_A,cell_102230,/data/rds/DMP/UCEC/GENEVOD/ggandolfi/Github/ProCESS-scATAC/scripts/simulate_fragments/peak_based/fragments_cells_big_correct/cell_102230.bed
sample_A,cell_102260,/data/rds/DMP/UCEC/GENEVOD/ggandolfi/Github/ProCESS-scATAC/scripts/simulate_fragments/peak_based/fragments_cells_big_correct/cell_102260.bed
sample_A,cell_102262,/data/rds/DMP/UCEC/GENEVOD/ggandolfi/Github/ProCESS-scATAC/scripts/simulate_fragments/peak_based/fragments_cells_big_correct/cell_102262.bed
sample_A,cell_102286,/data/rds/DMP/UCEC/GENEVOD/ggandolfi/Github/ProCESS-scATAC/scripts/simulate_fragments/peak_based/fragments_cells_big_correct/cell_102286.bed
sample_A,cell_102287,/data/rds/DMP/UCEC/GENEVOD/ggandolfi/Github/ProCESS-scATAC/scripts/simulate_fragments/peak_based/fragments_cells_big_correct/cell_102287.bed
sample_A,cell_102290,/data/rds/DMP/UCEC/GENEVOD/ggandolfi/Github/ProCESS-scATAC/scripts/simulate_fragments/peak_based/fragments_cells_big_correct/cell_102290.bed
sample_A,cell_102291,/data/rds/DMP/UCEC/GENEVOD/ggandolfi/Github/ProCESS-scATAC/scripts/simulate_fragments/peak_based/fragments_cells_big_correct/cell_102291.bed
sample_A,cell_102336,/data/rds/DMP/UCEC/GENEVOD/ggandolfi/Github/ProCESS-scATAC/scripts/simulate_fragments/peak_based/fragments_cells_big_correct/cell_102336.bed
sample_A,cell_102351,/data/rds/DMP/UCEC/GENEVOD/ggandolfi/Github/ProCESS-scATAC/scripts/simulate_fragments/peak_based/fragments_cells_big_correct/cell_102351.bed
sample_A,cell_102352,/data/rds/DMP/UCEC/GENEVOD/ggandolfi/Github/ProCESS-scATAC/scripts/simulate_fragments/peak_based/fragments_cells_big_correct/cell_102352.bed
sample_A,cell_102353,/data/rds/DMP/UCEC/GENEVOD/ggandolfi/Github/ProCESS-scATAC/scripts/simulate_fragments/peak_based/fragments_cells_big_correct/cell_102353.bed
sample_A,cell_102354,/data/rds/DMP/UCEC/GENEVOD/ggandolfi/Github/ProCESS-scATAC/scripts/simulate_fragments/peak_based/fragments_cells_big_correct/cell_102354.bed
sample_A,cell_102366,/data/rds/DMP/UCEC/GENEVOD/ggandolfi/Github/ProCESS-scATAC/scripts/simulate_fragments/peak_based/fragments_cells_big_correct/cell_102366.bed
sample_A,cell_102367,/data/rds/DMP/UCEC/GENEVOD/ggandolfi/Github/ProCESS-scATAC/scripts/simulate_fragments/peak_based/fragments_cells_big_correct/cell_102367.bed
sample_A,cell_102384,/data/rds/DMP/UCEC/GENEVOD/ggandolfi/Github/ProCESS-scATAC/scripts/simulate_fragments/peak_based/fragments_cells_big_correct/cell_102384.bed
sample_A,cell_102390,/data/rds/DMP/UCEC/GENEVOD/ggandolfi/Github/ProCESS-scATAC/scripts/simulate_fragments/peak_based/fragments_cells_big_correct/cell_102390.bed
sample_A,cell_102391,/data/rds/DMP/UCEC/GENEVOD/ggandolfi/Github/ProCESS-scATAC/scripts/simulate_fragments/peak_based/fragments_cells_big_correct/cell_102391.bed
sample_A,cell_102438,/data/rds/DMP/UCEC/GENEVOD/ggandolfi/Github/ProCESS-scATAC/scripts/simulate_fragments/peak_based/fragments_cells_big_correct/cell_102438.bed
sample_A,cell_102439,/data/rds/DMP/UCEC/GENEVOD/ggandolfi/Github/ProCESS-scATAC/scripts/simulate_fragments/peak_based/fragments_cells_big_correct/cell_102439.bed
sample_A,cell_102446,/data/rds/DMP/UCEC/GENEVOD/ggandolfi/Github/ProCESS-scATAC/scripts/simulate_fragments/peak_based/fragments_cells_big_correct/cell_102446.bed
sample_A,cell_102447,/data/rds/DMP/UCEC/GENEVOD/ggandolfi/Github/ProCESS-scATAC/scripts/simulate_fragments/peak_based/fragments_cells_big_correct/cell_102447.bed
sample_A,cell_102570,/data/rds/DMP/UCEC/GENEVOD/ggandolfi/Github/ProCESS-scATAC/scripts/simulate_fragments/peak_based/fragments_cells_big_correct/cell_102570.bed
sample_A,cell_102625,/data/rds/DMP/UCEC/GENEVOD/ggandolfi/Github/ProCESS-scATAC/scripts/simulate_fragments/peak_based/fragments_cells_big_correct/cell_102625.bed
sample_A,cell_102662,/data/rds/DMP/UCEC/GENEVOD/ggandolfi/Github/ProCESS-scATAC/scripts/simulate_fragments/peak_based/fragments_cells_big_correct/cell_102662.bed
sample_A,cell_102663,/data/rds/DMP/UCEC/GENEVOD/ggandolfi/Github/ProCESS-scATAC/scripts/simulate_fragments/peak_based/fragments_cells_big_correct/cell_102663.bed
sample_A,cell_102698,/data/rds/DMP/UCEC/GENEVOD/ggandolfi/Github/ProCESS-scATAC/scripts/simulate_fragments/peak_based/fragments_cells_big_correct/cell_102698.bed
sample_A,cell_102789,/data/rds/DMP/UCEC/GENEVOD/ggandolfi/Github/ProCESS-scATAC/scripts/simulate_fragments/peak_based/fragments_cells_big_correct/cell_102789.bed
sample_A,cell_102880,/data/rds/DMP/UCEC/GENEVOD/ggandolfi/Github/ProCESS-scATAC/scripts/simulate_fragments/peak_based/fragments_cells_big_correct/cell_102880.bed
sample_A,cell_102952,/data/rds/DMP/UCEC/GENEVOD/ggandolfi/Github/ProCESS-scATAC/scripts/simulate_fragments/peak_based/fragments_cells_big_correct/cell_102952.bed
sample_A,cell_102980,/data/rds/DMP/UCEC/GENEVOD/ggandolfi/Github/ProCESS-scATAC/scripts/simulate_fragments/peak_based/fragments_cells_big_correct/cell_102980.bed
sample_A,cell_102981,/data/rds/DMP/UCEC/GENEVOD/ggandolfi/Github/ProCESS-scATAC/scripts/simulate_fragments/peak_based/fragments_cells_big_correct/cell_102981.bed
sample_A,cell_103010,/data/rds/DMP/UCEC/GENEVOD/ggandolfi/Github/ProCESS-scATAC/scripts/simulate_fragments/peak_based/fragments_cells_big_correct/cell_103010.bed
sample_A,cell_103084,/data/rds/DMP/UCEC/GENEVOD/ggandolfi/Github/ProCESS-scATAC/scripts/simulate_fragments/peak_based/fragments_cells_big_correct/cell_103084.bed
sample_A,cell_103085,/data/rds/DMP/UCEC/GENEVOD/ggandolfi/Github/ProCESS-scATAC/scripts/simulate_fragments/peak_based/fragments_cells_big_correct/cell_103085.bed
sample_A,cell_103100,/data/rds/DMP/UCEC/GENEVOD/ggandolfi/Github/ProCESS-scATAC/scripts/simulate_fragments/peak_based/fragments_cells_big_correct/cell_103100.bed
sample_A,cell_103101,/data/rds/DMP/UCEC/GENEVOD/ggandolfi/Github/ProCESS-scATAC/scripts/simulate_fragments/peak_based/fragments_cells_big_correct/cell_103101.bed
sample_A,cell_103106,/data/rds/DMP/UCEC/GENEVOD/ggandolfi/Github/ProCESS-scATAC/scripts/simulate_fragments/peak_based/fragments_cells_big_correct/cell_103106.bed
sample_A,cell_103110,/data/rds/DMP/UCEC/GENEVOD/ggandolfi/Github/ProCESS-scATAC/scripts/simulate_fragments/peak_based/fragments_cells_big_correct/cell_103110.bed
sample_A,cell_103111,/data/rds/DMP/UCEC/GENEVOD/ggandolfi/Github/ProCESS-scATAC/scripts/simulate_fragments/peak_based/fragments_cells_big_correct/cell_103111.bed
sample_A,cell_103300,/data/rds/DMP/UCEC/GENEVOD/ggandolfi/Github/ProCESS-scATAC/scripts/simulate_fragments/peak_based/fragments_cells_big_correct/cell_103300.bed
sample_A,cell_103312,/data/rds/DMP/UCEC/GENEVOD/ggandolfi/Github/ProCESS-scATAC/scripts/simulate_fragments/peak_based/fragments_cells_big_correct/cell_103312.bed
sample_A,cell_103350,/data/rds/DMP/UCEC/GENEVOD/ggandolfi/Github/ProCESS-scATAC/scripts/simulate_fragments/peak_based/fragments_cells_big_correct/cell_103350.bed
sample_A,cell_103437,/data/rds/DMP/UCEC/GENEVOD/ggandolfi/Github/ProCESS-scATAC/scripts/simulate_fragments/peak_based/fragments_cells_big_correct/cell_103437.bed
sample_A,cell_103458,/data/rds/DMP/UCEC/GENEVOD/ggandolfi/Github/ProCESS-scATAC/scripts/simulate_fragments/peak_based/fragments_cells_big_correct/cell_103458.bed
sample_A,cell_103524,/data/rds/DMP/UCEC/GENEVOD/ggandolfi/Github/ProCESS-scATAC/scripts/simulate_fragments/peak_based/fragments_cells_big_correct/cell_103524.bed
sample_A,cell_103574,/data/rds/DMP/UCEC/GENEVOD/ggandolfi/Github/ProCESS-scATAC/scripts/simulate_fragments/peak_based/fragments_cells_big_correct/cell_103574.bed
sample_A,cell_103575,/data/rds/DMP/UCEC/GENEVOD/ggandolfi/Github/ProCESS-scATAC/scripts/simulate_fragments/peak_based/fragments_cells_big_correct/cell_103575.bed
sample_A,cell_103598,/data/rds/DMP/UCEC/GENEVOD/ggandolfi/Github/ProCESS-scATAC/scripts/simulate_fragments/peak_based/fragments_cells_big_correct/cell_103598.bed
sample_A,cell_103599,/data/rds/DMP/UCEC/GENEVOD/ggandolfi/Github/ProCESS-scATAC/scripts/simulate_fragments/peak_based/fragments_cells_big_correct/cell_103599.bed
sample_A,cell_103610,/data/rds/DMP/UCEC/GENEVOD/ggandolfi/Github/ProCESS-scATAC/scripts/simulate_fragments/peak_based/fragments_cells_big_correct/cell_103610.bed
sample_A,cell_103718,/data/rds/DMP/UCEC/GENEVOD/ggandolfi/Github/ProCESS-scATAC/scripts/simulate_fragments/peak_based/fragments_cells_big_correct/cell_103718.bed
sample_A,cell_103719,/data/rds/DMP/UCEC/GENEVOD/ggandolfi/Github/ProCESS-scATAC/scripts/simulate_fragments/peak_based/fragments_cells_big_correct/cell_103719.bed
sample_A,cell_103724,/data/rds/DMP/UCEC/GENEVOD/ggandolfi/Github/ProCESS-scATAC/scripts/simulate_fragments/peak_based/fragments_cells_big_correct/cell_103724.bed
sample_A,cell_103725,/data/rds/DMP/UCEC/GENEVOD/ggandolfi/Github/ProCESS-scATAC/scripts/simulate_fragments/peak_based/fragments_cells_big_correct/cell_103725.bed
sample_A,cell_103768,/data/rds/DMP/UCEC/GENEVOD/ggandolfi/Github/ProCESS-scATAC/scripts/simulate_fragments/peak_based/fragments_cells_big_correct/cell_103768.bed
sample_A,cell_103769,/data/rds/DMP/UCEC/GENEVOD/ggandolfi/Github/ProCESS-scATAC/scripts/simulate_fragments/peak_based/fragments_cells_big_correct/cell_103769.bed
sample_A,cell_103836,/data/rds/DMP/UCEC/GENEVOD/ggandolfi/Github/ProCESS-scATAC/scripts/simulate_fragments/peak_based/fragments_cells_big_correct/cell_103836.bed
sample_A,cell_103862,/data/rds/DMP/UCEC/GENEVOD/ggandolfi/Github/ProCESS-scATAC/scripts/simulate_fragments/peak_based/fragments_cells_big_correct/cell_103862.bed
sample_A,cell_103880,/data/rds/DMP/UCEC/GENEVOD/ggandolfi/Github/ProCESS-scATAC/scripts/simulate_fragments/peak_based/fragments_cells_big_correct/cell_103880.bed
sample_A,cell_103890,/data/rds/DMP/UCEC/GENEVOD/ggandolfi/Github/ProCESS-scATAC/scripts/simulate_fragments/peak_based/fragments_cells_big_correct/cell_103890.bed
sample_A,cell_104002,/data/rds/DMP/UCEC/GENEVOD/ggandolfi/Github/ProCESS-scATAC/scripts/simulate_fragments/peak_based/fragments_cells_big_correct/cell_104002.bed
sample_A,cell_104004,/data/rds/DMP/UCEC/GENEVOD/ggandolfi/Github/ProCESS-scATAC/scripts/simulate_fragments/peak_based/fragments_cells_big_correct/cell_104004.bed
sample_A,cell_104005,/data/rds/DMP/UCEC/GENEVOD/ggandolfi/Github/ProCESS-scATAC/scripts/simulate_fragments/peak_based/fragments_cells_big_correct/cell_104005.bed
sample_A,cell_104014,/data/rds/DMP/UCEC/GENEVOD/ggandolfi/Github/ProCESS-scATAC/scripts/simulate_fragments/peak_based/fragments_cells_big_correct/cell_104014.bed
sample_A,cell_104015,/data/rds/DMP/UCEC/GENEVOD/ggandolfi/Github/ProCESS-scATAC/scripts/simulate_fragments/peak_based/fragments_cells_big_correct/cell_104015.bed
sample_A,cell_104050,/data/rds/DMP/UCEC/GENEVOD/ggandolfi/Github/ProCESS-scATAC/scripts/simulate_fragments/peak_based/fragments_cells_big_correct/cell_104050.bed
sample_A,cell_104051,/data/rds/DMP/UCEC/GENEVOD/ggandolfi/Github/ProCESS-scATAC/scripts/simulate_fragments/peak_based/fragments_cells_big_correct/cell_104051.bed
sample_A,cell_104054,/data/rds/DMP/UCEC/GENEVOD/ggandolfi/Github/ProCESS-scATAC/scripts/simulate_fragments/peak_based/fragments_cells_big_correct/cell_104054.bed
sample_A,cell_104055,/data/rds/DMP/UCEC/GENEVOD/ggandolfi/Github/ProCESS-scATAC/scripts/simulate_fragments/peak_based/fragments_cells_big_correct/cell_104055.bed
sample_A,cell_104082,/data/rds/DMP/UCEC/GENEVOD/ggandolfi/Github/ProCESS-scATAC/scripts/simulate_fragments/peak_based/fragments_cells_big_correct/cell_104082.bed
sample_A,cell_104203,/data/rds/DMP/UCEC/GENEVOD/ggandolfi/Github/ProCESS-scATAC/scripts/simulate_fragments/peak_based/fragments_cells_big_correct/cell_104203.bed
sample_A,cell_104242,/data/rds/DMP/UCEC/GENEVOD/ggandolfi/Github/ProCESS-scATAC/scripts/simulate_fragments/peak_based/fragments_cells_big_correct/cell_104242.bed
sample_A,cell_104243,/data/rds/DMP/UCEC/GENEVOD/ggandolfi/Github/ProCESS-scATAC/scripts/simulate_fragments/peak_based/fragments_cells_big_correct/cell_104243.bed
sample_A,cell_104300,/data/rds/DMP/UCEC/GENEVOD/ggandolfi/Github/ProCESS-scATAC/scripts/simulate_fragments/peak_based/fragments_cells_big_correct/cell_104300.bed
sample_A,cell_104432,/data/rds/DMP/UCEC/GENEVOD/ggandolfi/Github/ProCESS-scATAC/scripts/simulate_fragments/peak_based/fragments_cells_big_correct/cell_104432.bed
sample_A,cell_104461,/data/rds/DMP/UCEC/GENEVOD/ggandolfi/Github/ProCESS-scATAC/scripts/simulate_fragments/peak_based/fragments_cells_big_correct/cell_104461.bed
sample_A,cell_104473,/data/rds/DMP/UCEC/GENEVOD/ggandolfi/Github/ProCESS-scATAC/scripts/simulate_fragments/peak_based/fragments_cells_big_correct/cell_104473.bed
sample_A,cell_104476,/data/rds/DMP/UCEC/GENEVOD/ggandolfi/Github/ProCESS-scATAC/scripts/simulate_fragments/peak_based/fragments_cells_big_correct/cell_104476.bed
sample_A,cell_104516,/data/rds/DMP/UCEC/GENEVOD/ggandolfi/Github/ProCESS-scATAC/scripts/simulate_fragments/peak_based/fragments_cells_big_correct/cell_104516.bed
sample_A,cell_104517,/data/rds/DMP/UCEC/GENEVOD/ggandolfi/Github/ProCESS-scATAC/scripts/simulate_fragments/peak_based/fragments_cells_big_correct/cell_104517.bed
sample_A,cell_104528,/data/rds/DMP/UCEC/GENEVOD/ggandolfi/Github/ProCESS-scATAC/scripts/simulate_fragments/peak_based/fragments_cells_big_correct/cell_104528.bed
sample_A,cell_104548,/data/rds/DMP/UCEC/GENEVOD/ggandolfi/Github/ProCESS-scATAC/scripts/simulate_fragments/peak_based/fragments_cells_big_correct/cell_104548.bed
sample_A,cell_104646,/data/rds/DMP/UCEC/GENEVOD/ggandolfi/Github/ProCESS-scATAC/scripts/simulate_fragments/peak_based/fragments_cells_big_correct/cell_104646.bed
sample_A,cell_104648,/data/rds/DMP/UCEC/GENEVOD/ggandolfi/Github/ProCESS-scATAC/scripts/simulate_fragments/peak_based/fragments_cells_big_correct/cell_104648.bed
sample_A,cell_104771,/data/rds/DMP/UCEC/GENEVOD/ggandolfi/Github/ProCESS-scATAC/scripts/simulate_fragments/peak_based/fragments_cells_big_correct/cell_104771.bed
sample_A,cell_104799,/data/rds/DMP/UCEC/GENEVOD/ggandolfi/Github/ProCESS-scATAC/scripts/simulate_fragments/peak_based/fragments_cells_big_correct/cell_104799.bed
sample_A,cell_104850,/data/rds/DMP/UCEC/GENEVOD/ggandolfi/Github/ProCESS-scATAC/scripts/simulate_fragments/peak_based/fragments_cells_big_correct/cell_104850.bed
sample_A,cell_104851,/data/rds/DMP/UCEC/GENEVOD/ggandolfi/Github/ProCESS-scATAC/scripts/simulate_fragments/peak_based/fragments_cells_big_correct/cell_104851.bed
sample_A,cell_104882,/data/rds/DMP/UCEC/GENEVOD/ggandolfi/Github/ProCESS-scATAC/scripts/simulate_fragments/peak_based/fragments_cells_big_correct/cell_104882.bed
sample_A,cell_104883,/data/rds/DMP/UCEC/GENEVOD/ggandolfi/Github/ProCESS-scATAC/scripts/simulate_fragments/peak_based/fragments_cells_big_correct/cell_104883.bed
sample_A,cell_105034,/data/rds/DMP/UCEC/GENEVOD/ggandolfi/Github/ProCESS-scATAC/scripts/simulate_fragments/peak_based/fragments_cells_big_correct/cell_105034.bed
sample_A,cell_105105,/data/rds/DMP/UCEC/GENEVOD/ggandolfi/Github/ProCESS-scATAC/scripts/simulate_fragments/peak_based/fragments_cells_big_correct/cell_105105.bed
sample_A,cell_105106,/data/rds/DMP/UCEC/GENEVOD/ggandolfi/Github/ProCESS-scATAC/scripts/simulate_fragments/peak_based/fragments_cells_big_correct/cell_105106.bed
sample_A,cell_105107,/data/rds/DMP/UCEC/GENEVOD/ggandolfi/Github/ProCESS-scATAC/scripts/simulate_fragments/peak_based/fragments_cells_big_correct/cell_105107.bed
sample_A,cell_105130,/data/rds/DMP/UCEC/GENEVOD/ggandolfi/Github/ProCESS-scATAC/scripts/simulate_fragments/peak_based/fragments_cells_big_correct/cell_105130.bed
sample_A,cell_105131,/data/rds/DMP/UCEC/GENEVOD/ggandolfi/Github/ProCESS-scATAC/scripts/simulate_fragments/peak_based/fragments_cells_big_correct/cell_105131.bed
sample_A,cell_105192,/data/rds/DMP/UCEC/GENEVOD/ggandolfi/Github/ProCESS-scATAC/scripts/simulate_fragments/peak_based/fragments_cells_big_correct/cell_105192.bed
sample_A,cell_105193,/data/rds/DMP/UCEC/GENEVOD/ggandolfi/Github/ProCESS-scATAC/scripts/simulate_fragments/peak_based/fragments_cells_big_correct/cell_105193.bed
sample_A,cell_105228,/data/rds/DMP/UCEC/GENEVOD/ggandolfi/Github/ProCESS-scATAC/scripts/simulate_fragments/peak_based/fragments_cells_big_correct/cell_105228.bed
sample_A,cell_105276,/data/rds/DMP/UCEC/GENEVOD/ggandolfi/Github/ProCESS-scATAC/scripts/simulate_fragments/peak_based/fragments_cells_big_correct/cell_105276.bed
sample_A,cell_105277,/data/rds/DMP/UCEC/GENEVOD/ggandolfi/Github/ProCESS-scATAC/scripts/simulate_fragments/peak_based/fragments_cells_big_correct/cell_105277.bed
sample_A,cell_105281,/data/rds/DMP/UCEC/GENEVOD/ggandolfi/Github/ProCESS-scATAC/scripts/simulate_fragments/peak_based/fragments_cells_big_correct/cell_105281.bed
sample_A,cell_105446,/data/rds/DMP/UCEC/GENEVOD/ggandolfi/Github/ProCESS-scATAC/scripts/simulate_fragments/peak_based/fragments_cells_big_correct/cell_105446.bed
sample_A,cell_105462,/data/rds/DMP/UCEC/GENEVOD/ggandolfi/Github/ProCESS-scATAC/scripts/simulate_fragments/peak_based/fragments_cells_big_correct/cell_105462.bed
sample_A,cell_105463,/data/rds/DMP/UCEC/GENEVOD/ggandolfi/Github/ProCESS-scATAC/scripts/simulate_fragments/peak_based/fragments_cells_big_correct/cell_105463.bed
sample_A,cell_105466,/data/rds/DMP/UCEC/GENEVOD/ggandolfi/Github/ProCESS-scATAC/scripts/simulate_fragments/peak_based/fragments_cells_big_correct/cell_105466.bed
sample_A,cell_105467,/data/rds/DMP/UCEC/GENEVOD/ggandolfi/Github/ProCESS-scATAC/scripts/simulate_fragments/peak_based/fragments_cells_big_correct/cell_105467.bed
sample_A,cell_105548,/data/rds/DMP/UCEC/GENEVOD/ggandolfi/Github/ProCESS-scATAC/scripts/simulate_fragments/peak_based/fragments_cells_big_correct/cell_105548.bed
sample_A,cell_105549,/data/rds/DMP/UCEC/GENEVOD/ggandolfi/Github/ProCESS-scATAC/scripts/simulate_fragments/peak_based/fragments_cells_big_correct/cell_105549.bed
sample_A,cell_105568,/data/rds/DMP/UCEC/GENEVOD/ggandolfi/Github/ProCESS-scATAC/scripts/simulate_fragments/peak_based/fragments_cells_big_correct/cell_105568.bed
sample_A,cell_105570,/data/rds/DMP/UCEC/GENEVOD/ggandolfi/Github/ProCESS-scATAC/scripts/simulate_fragments/peak_based/fragments_cells_big_correct/cell_105570.bed
sample_A,cell_105571,/data/rds/DMP/UCEC/GENEVOD/ggandolfi/Github/ProCESS-scATAC/scripts/simulate_fragments/peak_based/fragments_cells_big_correct/cell_105571.bed
sample_A,cell_105702,/data/rds/DMP/UCEC/GENEVOD/ggandolfi/Github/ProCESS-scATAC/scripts/simulate_fragments/peak_based/fragments_cells_big_correct/cell_105702.bed
sample_A,cell_105745,/data/rds/DMP/UCEC/GENEVOD/ggandolfi/Github/ProCESS-scATAC/scripts/simulate_fragments/peak_based/fragments_cells_big_correct/cell_105745.bed
sample_A,cell_105754,/data/rds/DMP/UCEC/GENEVOD/ggandolfi/Github/ProCESS-scATAC/scripts/simulate_fragments/peak_based/fragments_cells_big_correct/cell_105754.bed
sample_A,cell_105758,/data/rds/DMP/UCEC/GENEVOD/ggandolfi/Github/ProCESS-scATAC/scripts/simulate_fragments/peak_based/fragments_cells_big_correct/cell_105758.bed
sample_A,cell_105759,/data/rds/DMP/UCEC/GENEVOD/ggandolfi/Github/ProCESS-scATAC/scripts/simulate_fragments/peak_based/fragments_cells_big_correct/cell_105759.bed
sample_A,cell_105760,/data/rds/DMP/UCEC/GENEVOD/ggandolfi/Github/ProCESS-scATAC/scripts/simulate_fragments/peak_based/fragments_cells_big_correct/cell_105760.bed
sample_A,cell_105800,/data/rds/DMP/UCEC/GENEVOD/ggandolfi/Github/ProCESS-scATAC/scripts/simulate_fragments/peak_based/fragments_cells_big_correct/cell_105800.bed
sample_A,cell_105801,/data/rds/DMP/UCEC/GENEVOD/ggandolfi/Github/ProCESS-scATAC/scripts/simulate_fragments/peak_based/fragments_cells_big_correct/cell_105801.bed
sample_A,cell_105820,/data/rds/DMP/UCEC/GENEVOD/ggandolfi/Github/ProCESS-scATAC/scripts/simulate_fragments/peak_based/fragments_cells_big_correct/cell_105820.bed
sample_A,cell_105821,/data/rds/DMP/UCEC/GENEVOD/ggandolfi/Github/ProCESS-scATAC/scripts/simulate_fragments/peak_based/fragments_cells_big_correct/cell_105821.bed
sample_A,cell_105830,/data/rds/DMP/UCEC/GENEVOD/ggandolfi/Github/ProCESS-scATAC/scripts/simulate_fragments/peak_based/fragments_cells_big_correct/cell_105830.bed
sample_A,cell_105842,/data/rds/DMP/UCEC/GENEVOD/ggandolfi/Github/ProCESS-scATAC/scripts/simulate_fragments/peak_based/fragments_cells_big_correct/cell_105842.bed
sample_A,cell_105843,/data/rds/DMP/UCEC/GENEVOD/ggandolfi/Github/ProCESS-scATAC/scripts/simulate_fragments/peak_based/fragments_cells_big_correct/cell_105843.bed
sample_A,cell_105908,/data/rds/DMP/UCEC/GENEVOD/ggandolfi/Github/ProCESS-scATAC/scripts/simulate_fragments/peak_based/fragments_cells_big_correct/cell_105908.bed
sample_A,cell_105970,/data/rds/DMP/UCEC/GENEVOD/ggandolfi/Github/ProCESS-scATAC/scripts/simulate_fragments/peak_based/fragments_cells_big_correct/cell_105970.bed
sample_A,cell_105971,/data/rds/DMP/UCEC/GENEVOD/ggandolfi/Github/ProCESS-scATAC/scripts/simulate_fragments/peak_based/fragments_cells_big_correct/cell_105971.bed
sample_A,cell_105987,/data/rds/DMP/UCEC/GENEVOD/ggandolfi/Github/ProCESS-scATAC/scripts/simulate_fragments/peak_based/fragments_cells_big_correct/cell_105987.bed
sample_A,cell_106001,/data/rds/DMP/UCEC/GENEVOD/ggandolfi/Github/ProCESS-scATAC/scripts/simulate_fragments/peak_based/fragments_cells_big_correct/cell_106001.bed
sample_A,cell_106026,/data/rds/DMP/UCEC/GENEVOD/ggandolfi/Github/ProCESS-scATAC/scripts/simulate_fragments/peak_based/fragments_cells_big_correct/cell_106026.bed
sample_A,cell_106027,/data/rds/DMP/UCEC/GENEVOD/ggandolfi/Github/ProCESS-scATAC/scripts/simulate_fragments/peak_based/fragments_cells_big_correct/cell_106027.bed
sample_A,cell_106030,/data/rds/DMP/UCEC/GENEVOD/ggandolfi/Github/ProCESS-scATAC/scripts/simulate_fragments/peak_based/fragments_cells_big_correct/cell_106030.bed
sample_A,cell_106031,/data/rds/DMP/UCEC/GENEVOD/ggandolfi/Github/ProCESS-scATAC/scripts/simulate_fragments/peak_based/fragments_cells_big_correct/cell_106031.bed
sample_A,cell_106036,/data/rds/DMP/UCEC/GENEVOD/ggandolfi/Github/ProCESS-scATAC/scripts/simulate_fragments/peak_based/fragments_cells_big_correct/cell_106036.bed
sample_A,cell_106045,/data/rds/DMP/UCEC/GENEVOD/ggandolfi/Github/ProCESS-scATAC/scripts/simulate_fragments/peak_based/fragments_cells_big_correct/cell_106045.bed
sample_A,cell_106140,/data/rds/DMP/UCEC/GENEVOD/ggandolfi/Github/ProCESS-scATAC/scripts/simulate_fragments/peak_based/fragments_cells_big_correct/cell_106140.bed
sample_A,cell_106141,/data/rds/DMP/UCEC/GENEVOD/ggandolfi/Github/ProCESS-scATAC/scripts/simulate_fragments/peak_based/fragments_cells_big_correct/cell_106141.bed
sample_A,cell_106166,/data/rds/DMP/UCEC/GENEVOD/ggandolfi/Github/ProCESS-scATAC/scripts/simulate_fragments/peak_based/fragments_cells_big_correct/cell_106166.bed
sample_A,cell_106167,/data/rds/DMP/UCEC/GENEVOD/ggandolfi/Github/ProCESS-scATAC/scripts/simulate_fragments/peak_based/fragments_cells_big_correct/cell_106167.bed
sample_A,cell_106170,/data/rds/DMP/UCEC/GENEVOD/ggandolfi/Github/ProCESS-scATAC/scripts/simulate_fragments/peak_based/fragments_cells_big_correct/cell_106170.bed
sample_A,cell_106171,/data/rds/DMP/UCEC/GENEVOD/ggandolfi/Github/ProCESS-scATAC/scripts/simulate_fragments/peak_based/fragments_cells_big_correct/cell_106171.bed
sample_A,cell_106182,/data/rds/DMP/UCEC/GENEVOD/ggandolfi/Github/ProCESS-scATAC/scripts/simulate_fragments/peak_based/fragments_cells_big_correct/cell_106182.bed
sample_A,cell_106217,/data/rds/DMP/UCEC/GENEVOD/ggandolfi/Github/ProCESS-scATAC/scripts/simulate_fragments/peak_based/fragments_cells_big_correct/cell_106217.bed
sample_A,cell_106296,/data/rds/DMP/UCEC/GENEVOD/ggandolfi/Github/ProCESS-scATAC/scripts/simulate_fragments/peak_based/fragments_cells_big_correct/cell_106296.bed
sample_A,cell_106297,/data/rds/DMP/UCEC/GENEVOD/ggandolfi/Github/ProCESS-scATAC/scripts/simulate_fragments/peak_based/fragments_cells_big_correct/cell_106297.bed
sample_A,cell_106400,/data/rds/DMP/UCEC/GENEVOD/ggandolfi/Github/ProCESS-scATAC/scripts/simulate_fragments/peak_based/fragments_cells_big_correct/cell_106400.bed
sample_A,cell_106412,/data/rds/DMP/UCEC/GENEVOD/ggandolfi/Github/ProCESS-scATAC/scripts/simulate_fragments/peak_based/fragments_cells_big_correct/cell_106412.bed
sample_A,cell_106455,/data/rds/DMP/UCEC/GENEVOD/ggandolfi/Github/ProCESS-scATAC/scripts/simulate_fragments/peak_based/fragments_cells_big_correct/cell_106455.bed
sample_A,cell_106493,/data/rds/DMP/UCEC/GENEVOD/ggandolfi/Github/ProCESS-scATAC/scripts/simulate_fragments/peak_based/fragments_cells_big_correct/cell_106493.bed
sample_A,cell_106562,/data/rds/DMP/UCEC/GENEVOD/ggandolfi/Github/ProCESS-scATAC/scripts/simulate_fragments/peak_based/fragments_cells_big_correct/cell_106562.bed
sample_A,cell_106578,/data/rds/DMP/UCEC/GENEVOD/ggandolfi/Github/ProCESS-scATAC/scripts/simulate_fragments/peak_based/fragments_cells_big_correct/cell_106578.bed
sample_A,cell_106702,/data/rds/DMP/UCEC/GENEVOD/ggandolfi/Github/ProCESS-scATAC/scripts/simulate_fragments/peak_based/fragments_cells_big_correct/cell_106702.bed
sample_A,cell_106703,/data/rds/DMP/UCEC/GENEVOD/ggandolfi/Github/ProCESS-scATAC/scripts/simulate_fragments/peak_based/fragments_cells_big_correct/cell_106703.bed
sample_A,cell_106726,/data/rds/DMP/UCEC/GENEVOD/ggandolfi/Github/ProCESS-scATAC/scripts/simulate_fragments/peak_based/fragments_cells_big_correct/cell_106726.bed
sample_A,cell_106727,/data/rds/DMP/UCEC/GENEVOD/ggandolfi/Github/ProCESS-scATAC/scripts/simulate_fragments/peak_based/fragments_cells_big_correct/cell_106727.bed
sample_A,cell_106738,/data/rds/DMP/UCEC/GENEVOD/ggandolfi/Github/ProCESS-scATAC/scripts/simulate_fragments/peak_based/fragments_cells_big_correct/cell_106738.bed
sample_A,cell_106739,/data/rds/DMP/UCEC/GENEVOD/ggandolfi/Github/ProCESS-scATAC/scripts/simulate_fragments/peak_based/fragments_cells_big_correct/cell_106739.bed
sample_A,cell_106780,/data/rds/DMP/UCEC/GENEVOD/ggandolfi/Github/ProCESS-scATAC/scripts/simulate_fragments/peak_based/fragments_cells_big_correct/cell_106780.bed
sample_A,cell_106781,/data/rds/DMP/UCEC/GENEVOD/ggandolfi/Github/ProCESS-scATAC/scripts/simulate_fragments/peak_based/fragments_cells_big_correct/cell_106781.bed
sample_A,cell_106834,/data/rds/DMP/UCEC/GENEVOD/ggandolfi/Github/ProCESS-scATAC/scripts/simulate_fragments/peak_based/fragments_cells_big_correct/cell_106834.bed
sample_A,cell_106858,/data/rds/DMP/UCEC/GENEVOD/ggandolfi/Github/ProCESS-scATAC/scripts/simulate_fragments/peak_based/fragments_cells_big_correct/cell_106858.bed
sample_A,cell_106859,/data/rds/DMP/UCEC/GENEVOD/ggandolfi/Github/ProCESS-scATAC/scripts/simulate_fragments/peak_based/fragments_cells_big_correct/cell_106859.bed
sample_A,cell_106923,/data/rds/DMP/UCEC/GENEVOD/ggandolfi/Github/ProCESS-scATAC/scripts/simulate_fragments/peak_based/fragments_cells_big_correct/cell_106923.bed
sample_A,cell_106991,/data/rds/DMP/UCEC/GENEVOD/ggandolfi/Github/ProCESS-scATAC/scripts/simulate_fragments/peak_based/fragments_cells_big_correct/cell_106991.bed
sample_A,cell_107038,/data/rds/DMP/UCEC/GENEVOD/ggandolfi/Github/ProCESS-scATAC/scripts/simulate_fragments/peak_based/fragments_cells_big_correct/cell_107038.bed
sample_A,cell_107050,/data/rds/DMP/UCEC/GENEVOD/ggandolfi/Github/ProCESS-scATAC/scripts/simulate_fragments/peak_based/fragments_cells_big_correct/cell_107050.bed
sample_A,cell_107051,/data/rds/DMP/UCEC/GENEVOD/ggandolfi/Github/ProCESS-scATAC/scripts/simulate_fragments/peak_based/fragments_cells_big_correct/cell_107051.bed
sample_A,cell_107066,/data/rds/DMP/UCEC/GENEVOD/ggandolfi/Github/ProCESS-scATAC/scripts/simulate_fragments/peak_based/fragments_cells_big_correct/cell_107066.bed
sample_A,cell_107067,/data/rds/DMP/UCEC/GENEVOD/ggandolfi/Github/ProCESS-scATAC/scripts/simulate_fragments/peak_based/fragments_cells_big_correct/cell_107067.bed
sample_A,cell_107073,/data/rds/DMP/UCEC/GENEVOD/ggandolfi/Github/ProCESS-scATAC/scripts/simulate_fragments/peak_based/fragments_cells_big_correct/cell_107073.bed
sample_A,cell_107130,/data/rds/DMP/UCEC/GENEVOD/ggandolfi/Github/ProCESS-scATAC/scripts/simulate_fragments/peak_based/fragments_cells_big_correct/cell_107130.bed
sample_A,cell_107131,/data/rds/DMP/UCEC/GENEVOD/ggandolfi/Github/ProCESS-scATAC/scripts/simulate_fragments/peak_based/fragments_cells_big_correct/cell_107131.bed
sample_A,cell_107138,/data/rds/DMP/UCEC/GENEVOD/ggandolfi/Github/ProCESS-scATAC/scripts/simulate_fragments/peak_based/fragments_cells_big_correct/cell_107138.bed
sample_A,cell_107139,/data/rds/DMP/UCEC/GENEVOD/ggandolfi/Github/ProCESS-scATAC/scripts/simulate_fragments/peak_based/fragments_cells_big_correct/cell_107139.bed
sample_A,cell_107179,/data/rds/DMP/UCEC/GENEVOD/ggandolfi/Github/ProCESS-scATAC/scripts/simulate_fragments/peak_based/fragments_cells_big_correct/cell_107179.bed
sample_A,cell_107204,/data/rds/DMP/UCEC/GENEVOD/ggandolfi/Github/ProCESS-scATAC/scripts/simulate_fragments/peak_based/fragments_cells_big_correct/cell_107204.bed
sample_A,cell_107247,/data/rds/DMP/UCEC/GENEVOD/ggandolfi/Github/ProCESS-scATAC/scripts/simulate_fragments/peak_based/fragments_cells_big_correct/cell_107247.bed
sample_A,cell_107250,/data/rds/DMP/UCEC/GENEVOD/ggandolfi/Github/ProCESS-scATAC/scripts/simulate_fragments/peak_based/fragments_cells_big_correct/cell_107250.bed
sample_A,cell_107258,/data/rds/DMP/UCEC/GENEVOD/ggandolfi/Github/ProCESS-scATAC/scripts/simulate_fragments/peak_based/fragments_cells_big_correct/cell_107258.bed
sample_A,cell_107259,/data/rds/DMP/UCEC/GENEVOD/ggandolfi/Github/ProCESS-scATAC/scripts/simulate_fragments/peak_based/fragments_cells_big_correct/cell_107259.bed
sample_A,cell_107268,/data/rds/DMP/UCEC/GENEVOD/ggandolfi/Github/ProCESS-scATAC/scripts/simulate_fragments/peak_based/fragments_cells_big_correct/cell_107268.bed
sample_A,cell_107300,/data/rds/DMP/UCEC/GENEVOD/ggandolfi/Github/ProCESS-scATAC/scripts/simulate_fragments/peak_based/fragments_cells_big_correct/cell_107300.bed
sample_A,cell_107348,/data/rds/DMP/UCEC/GENEVOD/ggandolfi/Github/ProCESS-scATAC/scripts/simulate_fragments/peak_based/fragments_cells_big_correct/cell_107348.bed
sample_A,cell_107386,/data/rds/DMP/UCEC/GENEVOD/ggandolfi/Github/ProCESS-scATAC/scripts/simulate_fragments/peak_based/fragments_cells_big_correct/cell_107386.bed
sample_A,cell_107387,/data/rds/DMP/UCEC/GENEVOD/ggandolfi/Github/ProCESS-scATAC/scripts/simulate_fragments/peak_based/fragments_cells_big_correct/cell_107387.bed
sample_A,cell_107412,/data/rds/DMP/UCEC/GENEVOD/ggandolfi/Github/ProCESS-scATAC/scripts/simulate_fragments/peak_based/fragments_cells_big_correct/cell_107412.bed
sample_A,cell_107413,/data/rds/DMP/UCEC/GENEVOD/ggandolfi/Github/ProCESS-scATAC/scripts/simulate_fragments/peak_based/fragments_cells_big_correct/cell_107413.bed
sample_A,cell_107575,/data/rds/DMP/UCEC/GENEVOD/ggandolfi/Github/ProCESS-scATAC/scripts/simulate_fragments/peak_based/fragments_cells_big_correct/cell_107575.bed
sample_A,cell_107586,/data/rds/DMP/UCEC/GENEVOD/ggandolfi/Github/ProCESS-scATAC/scripts/simulate_fragments/peak_based/fragments_cells_big_correct/cell_107586.bed
sample_A,cell_107612,/data/rds/DMP/UCEC/GENEVOD/ggandolfi/Github/ProCESS-scATAC/scripts/simulate_fragments/peak_based/fragments_cells_big_correct/cell_107612.bed
sample_A,cell_107653,/data/rds/DMP/UCEC/GENEVOD/ggandolfi/Github/ProCESS-scATAC/scripts/simulate_fragments/peak_based/fragments_cells_big_correct/cell_107653.bed
sample_A,cell_107678,/data/rds/DMP/UCEC/GENEVOD/ggandolfi/Github/ProCESS-scATAC/scripts/simulate_fragments/peak_based/fragments_cells_big_correct/cell_107678.bed
sample_A,cell_107679,/data/rds/DMP/UCEC/GENEVOD/ggandolfi/Github/ProCESS-scATAC/scripts/simulate_fragments/peak_based/fragments_cells_big_correct/cell_107679.bed
sample_A,cell_107687,/data/rds/DMP/UCEC/GENEVOD/ggandolfi/Github/ProCESS-scATAC/scripts/simulate_fragments/peak_based/fragments_cells_big_correct/cell_107687.bed
sample_A,cell_107718,/data/rds/DMP/UCEC/GENEVOD/ggandolfi/Github/ProCESS-scATAC/scripts/simulate_fragments/peak_based/fragments_cells_big_correct/cell_107718.bed
sample_A,cell_107751,/data/rds/DMP/UCEC/GENEVOD/ggandolfi/Github/ProCESS-scATAC/scripts/simulate_fragments/peak_based/fragments_cells_big_correct/cell_107751.bed
sample_A,cell_107780,/data/rds/DMP/UCEC/GENEVOD/ggandolfi/Github/ProCESS-scATAC/scripts/simulate_fragments/peak_based/fragments_cells_big_correct/cell_107780.bed
sample_A,cell_107800,/data/rds/DMP/UCEC/GENEVOD/ggandolfi/Github/ProCESS-scATAC/scripts/simulate_fragments/peak_based/fragments_cells_big_correct/cell_107800.bed
sample_A,cell_107801,/data/rds/DMP/UCEC/GENEVOD/ggandolfi/Github/ProCESS-scATAC/scripts/simulate_fragments/peak_based/fragments_cells_big_correct/cell_107801.bed
sample_A,cell_107852,/data/rds/DMP/UCEC/GENEVOD/ggandolfi/Github/ProCESS-scATAC/scripts/simulate_fragments/peak_based/fragments_cells_big_correct/cell_107852.bed
sample_A,cell_107874,/data/rds/DMP/UCEC/GENEVOD/ggandolfi/Github/ProCESS-scATAC/scripts/simulate_fragments/peak_based/fragments_cells_big_correct/cell_107874.bed
sample_A,cell_107952,/data/rds/DMP/UCEC/GENEVOD/ggandolfi/Github/ProCESS-scATAC/scripts/simulate_fragments/peak_based/fragments_cells_big_correct/cell_107952.bed
sample_A,cell_107953,/data/rds/DMP/UCEC/GENEVOD/ggandolfi/Github/ProCESS-scATAC/scripts/simulate_fragments/peak_based/fragments_cells_big_correct/cell_107953.bed
sample_A,cell_107966,/data/rds/DMP/UCEC/GENEVOD/ggandolfi/Github/ProCESS-scATAC/scripts/simulate_fragments/peak_based/fragments_cells_big_correct/cell_107966.bed
sample_A,cell_107967,/data/rds/DMP/UCEC/GENEVOD/ggandolfi/Github/ProCESS-scATAC/scripts/simulate_fragments/peak_based/fragments_cells_big_correct/cell_107967.bed
sample_A,cell_107970,/data/rds/DMP/UCEC/GENEVOD/ggandolfi/Github/ProCESS-scATAC/scripts/simulate_fragments/peak_based/fragments_cells_big_correct/cell_107970.bed
sample_A,cell_107982,/data/rds/DMP/UCEC/GENEVOD/ggandolfi/Github/ProCESS-scATAC/scripts/simulate_fragments/peak_based/fragments_cells_big_correct/cell_107982.bed
sample_A,cell_107983,/data/rds/DMP/UCEC/GENEVOD/ggandolfi/Github/ProCESS-scATAC/scripts/simulate_fragments/peak_based/fragments_cells_big_correct/cell_107983.bed
sample_A,cell_108011,/data/rds/DMP/UCEC/GENEVOD/ggandolfi/Github/ProCESS-scATAC/scripts/simulate_fragments/peak_based/fragments_cells_big_correct/cell_108011.bed
sample_A,cell_108068,/data/rds/DMP/UCEC/GENEVOD/ggandolfi/Github/ProCESS-scATAC/scripts/simulate_fragments/peak_based/fragments_cells_big_correct/cell_108068.bed
sample_A,cell_108069,/data/rds/DMP/UCEC/GENEVOD/ggandolfi/Github/ProCESS-scATAC/scripts/simulate_fragments/peak_based/fragments_cells_big_correct/cell_108069.bed
sample_A,cell_108106,/data/rds/DMP/UCEC/GENEVOD/ggandolfi/Github/ProCESS-scATAC/scripts/simulate_fragments/peak_based/fragments_cells_big_correct/cell_108106.bed
sample_A,cell_108107,/data/rds/DMP/UCEC/GENEVOD/ggandolfi/Github/ProCESS-scATAC/scripts/simulate_fragments/peak_based/fragments_cells_big_correct/cell_108107.bed
sample_A,cell_108132,/data/rds/DMP/UCEC/GENEVOD/ggandolfi/Github/ProCESS-scATAC/scripts/simulate_fragments/peak_based/fragments_cells_big_correct/cell_108132.bed
sample_A,cell_108133,/data/rds/DMP/UCEC/GENEVOD/ggandolfi/Github/ProCESS-scATAC/scripts/simulate_fragments/peak_based/fragments_cells_big_correct/cell_108133.bed
sample_A,cell_108200,/data/rds/DMP/UCEC/GENEVOD/ggandolfi/Github/ProCESS-scATAC/scripts/simulate_fragments/peak_based/fragments_cells_big_correct/cell_108200.bed
sample_A,cell_108270,/data/rds/DMP/UCEC/GENEVOD/ggandolfi/Github/ProCESS-scATAC/scripts/simulate_fragments/peak_based/fragments_cells_big_correct/cell_108270.bed
sample_A,cell_108271,/data/rds/DMP/UCEC/GENEVOD/ggandolfi/Github/ProCESS-scATAC/scripts/simulate_fragments/peak_based/fragments_cells_big_correct/cell_108271.bed
sample_A,cell_108272,/data/rds/DMP/UCEC/GENEVOD/ggandolfi/Github/ProCESS-scATAC/scripts/simulate_fragments/peak_based/fragments_cells_big_correct/cell_108272.bed
sample_A,cell_108315,/data/rds/DMP/UCEC/GENEVOD/ggandolfi/Github/ProCESS-scATAC/scripts/simulate_fragments/peak_based/fragments_cells_big_correct/cell_108315.bed
sample_A,cell_108334,/data/rds/DMP/UCEC/GENEVOD/ggandolfi/Github/ProCESS-scATAC/scripts/simulate_fragments/peak_based/fragments_cells_big_correct/cell_108334.bed
sample_A,cell_108335,/data/rds/DMP/UCEC/GENEVOD/ggandolfi/Github/ProCESS-scATAC/scripts/simulate_fragments/peak_based/fragments_cells_big_correct/cell_108335.bed
sample_A,cell_108362,/data/rds/DMP/UCEC/GENEVOD/ggandolfi/Github/ProCESS-scATAC/scripts/simulate_fragments/peak_based/fragments_cells_big_correct/cell_108362.bed
sample_A,cell_108363,/data/rds/DMP/UCEC/GENEVOD/ggandolfi/Github/ProCESS-scATAC/scripts/simulate_fragments/peak_based/fragments_cells_big_correct/cell_108363.bed
sample_A,cell_108414,/data/rds/DMP/UCEC/GENEVOD/ggandolfi/Github/ProCESS-scATAC/scripts/simulate_fragments/peak_based/fragments_cells_big_correct/cell_108414.bed
sample_A,cell_108415,/data/rds/DMP/UCEC/GENEVOD/ggandolfi/Github/ProCESS-scATAC/scripts/simulate_fragments/peak_based/fragments_cells_big_correct/cell_108415.bed
sample_A,cell_108432,/data/rds/DMP/UCEC/GENEVOD/ggandolfi/Github/ProCESS-scATAC/scripts/simulate_fragments/peak_based/fragments_cells_big_correct/cell_108432.bed
sample_A,cell_108454,/data/rds/DMP/UCEC/GENEVOD/ggandolfi/Github/ProCESS-scATAC/scripts/simulate_fragments/peak_based/fragments_cells_big_correct/cell_108454.bed
sample_A,cell_108492,/data/rds/DMP/UCEC/GENEVOD/ggandolfi/Github/ProCESS-scATAC/scripts/simulate_fragments/peak_based/fragments_cells_big_correct/cell_108492.bed
sample_A,cell_108494,/data/rds/DMP/UCEC/GENEVOD/ggandolfi/Github/ProCESS-scATAC/scripts/simulate_fragments/peak_based/fragments_cells_big_correct/cell_108494.bed
sample_A,cell_108560,/data/rds/DMP/UCEC/GENEVOD/ggandolfi/Github/ProCESS-scATAC/scripts/simulate_fragments/peak_based/fragments_cells_big_correct/cell_108560.bed
sample_A,cell_108592,/data/rds/DMP/UCEC/GENEVOD/ggandolfi/Github/ProCESS-scATAC/scripts/simulate_fragments/peak_based/fragments_cells_big_correct/cell_108592.bed
sample_A,cell_108594,/data/rds/DMP/UCEC/GENEVOD/ggandolfi/Github/ProCESS-scATAC/scripts/simulate_fragments/peak_based/fragments_cells_big_correct/cell_108594.bed
sample_A,cell_108595,/data/rds/DMP/UCEC/GENEVOD/ggandolfi/Github/ProCESS-scATAC/scripts/simulate_fragments/peak_based/fragments_cells_big_correct/cell_108595.bed
sample_A,cell_108624,/data/rds/DMP/UCEC/GENEVOD/ggandolfi/Github/ProCESS-scATAC/scripts/simulate_fragments/peak_based/fragments_cells_big_correct/cell_108624.bed
sample_A,cell_108625,/data/rds/DMP/UCEC/GENEVOD/ggandolfi/Github/ProCESS-scATAC/scripts/simulate_fragments/peak_based/fragments_cells_big_correct/cell_108625.bed
sample_A,cell_108667,/data/rds/DMP/UCEC/GENEVOD/ggandolfi/Github/ProCESS-scATAC/scripts/simulate_fragments/peak_based/fragments_cells_big_correct/cell_108667.bed
sample_A,cell_108756,/data/rds/DMP/UCEC/GENEVOD/ggandolfi/Github/ProCESS-scATAC/scripts/simulate_fragments/peak_based/fragments_cells_big_correct/cell_108756.bed
sample_A,cell_108776,/data/rds/DMP/UCEC/GENEVOD/ggandolfi/Github/ProCESS-scATAC/scripts/simulate_fragments/peak_based/fragments_cells_big_correct/cell_108776.bed
sample_A,cell_108920,/data/rds/DMP/UCEC/GENEVOD/ggandolfi/Github/ProCESS-scATAC/scripts/simulate_fragments/peak_based/fragments_cells_big_correct/cell_108920.bed
sample_A,cell_108972,/data/rds/DMP/UCEC/GENEVOD/ggandolfi/Github/ProCESS-scATAC/scripts/simulate_fragments/peak_based/fragments_cells_big_correct/cell_108972.bed
sample_A,cell_108982,/data/rds/DMP/UCEC/GENEVOD/ggandolfi/Github/ProCESS-scATAC/scripts/simulate_fragments/peak_based/fragments_cells_big_correct/cell_108982.bed
sample_A,cell_108983,/data/rds/DMP/UCEC/GENEVOD/ggandolfi/Github/ProCESS-scATAC/scripts/simulate_fragments/peak_based/fragments_cells_big_correct/cell_108983.bed
sample_A,cell_109016,/data/rds/DMP/UCEC/GENEVOD/ggandolfi/Github/ProCESS-scATAC/scripts/simulate_fragments/peak_based/fragments_cells_big_correct/cell_109016.bed
sample_A,cell_109017,/data/rds/DMP/UCEC/GENEVOD/ggandolfi/Github/ProCESS-scATAC/scripts/simulate_fragments/peak_based/fragments_cells_big_correct/cell_109017.bed
sample_A,cell_109072,/data/rds/DMP/UCEC/GENEVOD/ggandolfi/Github/ProCESS-scATAC/scripts/simulate_fragments/peak_based/fragments_cells_big_correct/cell_109072.bed
sample_A,cell_109073,/data/rds/DMP/UCEC/GENEVOD/ggandolfi/Github/ProCESS-scATAC/scripts/simulate_fragments/peak_based/fragments_cells_big_correct/cell_109073.bed
sample_A,cell_109076,/data/rds/DMP/UCEC/GENEVOD/ggandolfi/Github/ProCESS-scATAC/scripts/simulate_fragments/peak_based/fragments_cells_big_correct/cell_109076.bed
sample_A,cell_109090,/data/rds/DMP/UCEC/GENEVOD/ggandolfi/Github/ProCESS-scATAC/scripts/simulate_fragments/peak_based/fragments_cells_big_correct/cell_109090.bed
sample_A,cell_109091,/data/rds/DMP/UCEC/GENEVOD/ggandolfi/Github/ProCESS-scATAC/scripts/simulate_fragments/peak_based/fragments_cells_big_correct/cell_109091.bed
sample_A,cell_109138,/data/rds/DMP/UCEC/GENEVOD/ggandolfi/Github/ProCESS-scATAC/scripts/simulate_fragments/peak_based/fragments_cells_big_correct/cell_109138.bed
sample_A,cell_109139,/data/rds/DMP/UCEC/GENEVOD/ggandolfi/Github/ProCESS-scATAC/scripts/simulate_fragments/peak_based/fragments_cells_big_correct/cell_109139.bed
sample_A,cell_109162,/data/rds/DMP/UCEC/GENEVOD/ggandolfi/Github/ProCESS-scATAC/scripts/simulate_fragments/peak_based/fragments_cells_big_correct/cell_109162.bed
sample_A,cell_109163,/data/rds/DMP/UCEC/GENEVOD/ggandolfi/Github/ProCESS-scATAC/scripts/simulate_fragments/peak_based/fragments_cells_big_correct/cell_109163.bed
sample_A,cell_109236,/data/rds/DMP/UCEC/GENEVOD/ggandolfi/Github/ProCESS-scATAC/scripts/simulate_fragments/peak_based/fragments_cells_big_correct/cell_109236.bed
sample_A,cell_109314,/data/rds/DMP/UCEC/GENEVOD/ggandolfi/Github/ProCESS-scATAC/scripts/simulate_fragments/peak_based/fragments_cells_big_correct/cell_109314.bed
sample_A,cell_109315,/data/rds/DMP/UCEC/GENEVOD/ggandolfi/Github/ProCESS-scATAC/scripts/simulate_fragments/peak_based/fragments_cells_big_correct/cell_109315.bed
sample_A,cell_109357,/data/rds/DMP/UCEC/GENEVOD/ggandolfi/Github/ProCESS-scATAC/scripts/simulate_fragments/peak_based/fragments_cells_big_correct/cell_109357.bed
sample_A,cell_109360,/data/rds/DMP/UCEC/GENEVOD/ggandolfi/Github/ProCESS-scATAC/scripts/simulate_fragments/peak_based/fragments_cells_big_correct/cell_109360.bed
sample_A,cell_109361,/data/rds/DMP/UCEC/GENEVOD/ggandolfi/Github/ProCESS-scATAC/scripts/simulate_fragments/peak_based/fragments_cells_big_correct/cell_109361.bed
sample_A,cell_109445,/data/rds/DMP/UCEC/GENEVOD/ggandolfi/Github/ProCESS-scATAC/scripts/simulate_fragments/peak_based/fragments_cells_big_correct/cell_109445.bed
sample_A,cell_109820,/data/rds/DMP/UCEC/GENEVOD/ggandolfi/Github/ProCESS-scATAC/scripts/simulate_fragments/peak_based/fragments_cells_big_correct/cell_109820.bed
sample_A,cell_109923,/data/rds/DMP/UCEC/GENEVOD/ggandolfi/Github/ProCESS-scATAC/scripts/simulate_fragments/peak_based/fragments_cells_big_correct/cell_109923.bed
sample_A,cell_109924,/data/rds/DMP/UCEC/GENEVOD/ggandolfi/Github/ProCESS-scATAC/scripts/simulate_fragments/peak_based/fragments_cells_big_correct/cell_109924.bed
sample_A,cell_109925,/data/rds/DMP/UCEC/GENEVOD/ggandolfi/Github/ProCESS-scATAC/scripts/simulate_fragments/peak_based/fragments_cells_big_correct/cell_109925.bed
sample_A,cell_109928,/data/rds/DMP/UCEC/GENEVOD/ggandolfi/Github/ProCESS-scATAC/scripts/simulate_fragments/peak_based/fragments_cells_big_correct/cell_109928.bed
sample_A,cell_110060,/data/rds/DMP/UCEC/GENEVOD/ggandolfi/Github/ProCESS-scATAC/scripts/simulate_fragments/peak_based/fragments_cells_big_correct/cell_110060.bed
sample_A,cell_110082,/data/rds/DMP/UCEC/GENEVOD/ggandolfi/Github/ProCESS-scATAC/scripts/simulate_fragments/peak_based/fragments_cells_big_correct/cell_110082.bed
sample_A,cell_110154,/data/rds/DMP/UCEC/GENEVOD/ggandolfi/Github/ProCESS-scATAC/scripts/simulate_fragments/peak_based/fragments_cells_big_correct/cell_110154.bed
sample_A,cell_110156,/data/rds/DMP/UCEC/GENEVOD/ggandolfi/Github/ProCESS-scATAC/scripts/simulate_fragments/peak_based/fragments_cells_big_correct/cell_110156.bed
sample_A,cell_110196,/data/rds/DMP/UCEC/GENEVOD/ggandolfi/Github/ProCESS-scATAC/scripts/simulate_fragments/peak_based/fragments_cells_big_correct/cell_110196.bed
sample_A,cell_110210,/data/rds/DMP/UCEC/GENEVOD/ggandolfi/Github/ProCESS-scATAC/scripts/simulate_fragments/peak_based/fragments_cells_big_correct/cell_110210.bed
sample_A,cell_110233,/data/rds/DMP/UCEC/GENEVOD/ggandolfi/Github/ProCESS-scATAC/scripts/simulate_fragments/peak_based/fragments_cells_big_correct/cell_110233.bed
sample_A,cell_110238,/data/rds/DMP/UCEC/GENEVOD/ggandolfi/Github/ProCESS-scATAC/scripts/simulate_fragments/peak_based/fragments_cells_big_correct/cell_110238.bed
sample_A,cell_110240,/data/rds/DMP/UCEC/GENEVOD/ggandolfi/Github/ProCESS-scATAC/scripts/simulate_fragments/peak_based/fragments_cells_big_correct/cell_110240.bed
sample_A,cell_110241,/data/rds/DMP/UCEC/GENEVOD/ggandolfi/Github/ProCESS-scATAC/scripts/simulate_fragments/peak_based/fragments_cells_big_correct/cell_110241.bed
sample_A,cell_110366,/data/rds/DMP/UCEC/GENEVOD/ggandolfi/Github/ProCESS-scATAC/scripts/simulate_fragments/peak_based/fragments_cells_big_correct/cell_110366.bed
sample_A,cell_110367,/data/rds/DMP/UCEC/GENEVOD/ggandolfi/Github/ProCESS-scATAC/scripts/simulate_fragments/peak_based/fragments_cells_big_correct/cell_110367.bed
sample_A,cell_110406,/data/rds/DMP/UCEC/GENEVOD/ggandolfi/Github/ProCESS-scATAC/scripts/simulate_fragments/peak_based/fragments_cells_big_correct/cell_110406.bed
sample_A,cell_110407,/data/rds/DMP/UCEC/GENEVOD/ggandolfi/Github/ProCESS-scATAC/scripts/simulate_fragments/peak_based/fragments_cells_big_correct/cell_110407.bed
sample_A,cell_110454,/data/rds/DMP/UCEC/GENEVOD/ggandolfi/Github/ProCESS-scATAC/scripts/simulate_fragments/peak_based/fragments_cells_big_correct/cell_110454.bed
sample_A,cell_110455,/data/rds/DMP/UCEC/GENEVOD/ggandolfi/Github/ProCESS-scATAC/scripts/simulate_fragments/peak_based/fragments_cells_big_correct/cell_110455.bed
sample_A,cell_110522,/data/rds/DMP/UCEC/GENEVOD/ggandolfi/Github/ProCESS-scATAC/scripts/simulate_fragments/peak_based/fragments_cells_big_correct/cell_110522.bed
sample_A,cell_110523,/data/rds/DMP/UCEC/GENEVOD/ggandolfi/Github/ProCESS-scATAC/scripts/simulate_fragments/peak_based/fragments_cells_big_correct/cell_110523.bed
sample_A,cell_110542,/data/rds/DMP/UCEC/GENEVOD/ggandolfi/Github/ProCESS-scATAC/scripts/simulate_fragments/peak_based/fragments_cells_big_correct/cell_110542.bed
sample_A,cell_110543,/data/rds/DMP/UCEC/GENEVOD/ggandolfi/Github/ProCESS-scATAC/scripts/simulate_fragments/peak_based/fragments_cells_big_correct/cell_110543.bed
sample_A,cell_110557,/data/rds/DMP/UCEC/GENEVOD/ggandolfi/Github/ProCESS-scATAC/scripts/simulate_fragments/peak_based/fragments_cells_big_correct/cell_110557.bed
sample_A,cell_110584,/data/rds/DMP/UCEC/GENEVOD/ggandolfi/Github/ProCESS-scATAC/scripts/simulate_fragments/peak_based/fragments_cells_big_correct/cell_110584.bed
sample_A,cell_110585,/data/rds/DMP/UCEC/GENEVOD/ggandolfi/Github/ProCESS-scATAC/scripts/simulate_fragments/peak_based/fragments_cells_big_correct/cell_110585.bed
sample_A,cell_110620,/data/rds/DMP/UCEC/GENEVOD/ggandolfi/Github/ProCESS-scATAC/scripts/simulate_fragments/peak_based/fragments_cells_big_correct/cell_110620.bed
sample_A,cell_110621,/data/rds/DMP/UCEC/GENEVOD/ggandolfi/Github/ProCESS-scATAC/scripts/simulate_fragments/peak_based/fragments_cells_big_correct/cell_110621.bed
sample_A,cell_110630,/data/rds/DMP/UCEC/GENEVOD/ggandolfi/Github/ProCESS-scATAC/scripts/simulate_fragments/peak_based/fragments_cells_big_correct/cell_110630.bed
sample_A,cell_110634,/data/rds/DMP/UCEC/GENEVOD/ggandolfi/Github/ProCESS-scATAC/scripts/simulate_fragments/peak_based/fragments_cells_big_correct/cell_110634.bed
sample_A,cell_110635,/data/rds/DMP/UCEC/GENEVOD/ggandolfi/Github/ProCESS-scATAC/scripts/simulate_fragments/peak_based/fragments_cells_big_correct/cell_110635.bed
sample_A,cell_110654,/data/rds/DMP/UCEC/GENEVOD/ggandolfi/Github/ProCESS-scATAC/scripts/simulate_fragments/peak_based/fragments_cells_big_correct/cell_110654.bed
sample_A,cell_110655,/data/rds/DMP/UCEC/GENEVOD/ggandolfi/Github/ProCESS-scATAC/scripts/simulate_fragments/peak_based/fragments_cells_big_correct/cell_110655.bed
sample_A,cell_110674,/data/rds/DMP/UCEC/GENEVOD/ggandolfi/Github/ProCESS-scATAC/scripts/simulate_fragments/peak_based/fragments_cells_big_correct/cell_110674.bed
sample_A,cell_110675,/data/rds/DMP/UCEC/GENEVOD/ggandolfi/Github/ProCESS-scATAC/scripts/simulate_fragments/peak_based/fragments_cells_big_correct/cell_110675.bed
sample_A,cell_110712,/data/rds/DMP/UCEC/GENEVOD/ggandolfi/Github/ProCESS-scATAC/scripts/simulate_fragments/peak_based/fragments_cells_big_correct/cell_110712.bed
sample_A,cell_110713,/data/rds/DMP/UCEC/GENEVOD/ggandolfi/Github/ProCESS-scATAC/scripts/simulate_fragments/peak_based/fragments_cells_big_correct/cell_110713.bed
sample_A,cell_110730,/data/rds/DMP/UCEC/GENEVOD/ggandolfi/Github/ProCESS-scATAC/scripts/simulate_fragments/peak_based/fragments_cells_big_correct/cell_110730.bed
sample_A,cell_110731,/data/rds/DMP/UCEC/GENEVOD/ggandolfi/Github/ProCESS-scATAC/scripts/simulate_fragments/peak_based/fragments_cells_big_correct/cell_110731.bed
sample_A,cell_110758,/data/rds/DMP/UCEC/GENEVOD/ggandolfi/Github/ProCESS-scATAC/scripts/simulate_fragments/peak_based/fragments_cells_big_correct/cell_110758.bed
sample_A,cell_110759,/data/rds/DMP/UCEC/GENEVOD/ggandolfi/Github/ProCESS-scATAC/scripts/simulate_fragments/peak_based/fragments_cells_big_correct/cell_110759.bed
sample_A,cell_110772,/data/rds/DMP/UCEC/GENEVOD/ggandolfi/Github/ProCESS-scATAC/scripts/simulate_fragments/peak_based/fragments_cells_big_correct/cell_110772.bed
sample_A,cell_110773,/data/rds/DMP/UCEC/GENEVOD/ggandolfi/Github/ProCESS-scATAC/scripts/simulate_fragments/peak_based/fragments_cells_big_correct/cell_110773.bed
sample_A,cell_110826,/data/rds/DMP/UCEC/GENEVOD/ggandolfi/Github/ProCESS-scATAC/scripts/simulate_fragments/peak_based/fragments_cells_big_correct/cell_110826.bed
sample_A,cell_110827,/data/rds/DMP/UCEC/GENEVOD/ggandolfi/Github/ProCESS-scATAC/scripts/simulate_fragments/peak_based/fragments_cells_big_correct/cell_110827.bed
sample_A,cell_110856,/data/rds/DMP/UCEC/GENEVOD/ggandolfi/Github/ProCESS-scATAC/scripts/simulate_fragments/peak_based/fragments_cells_big_correct/cell_110856.bed
sample_A,cell_110857,/data/rds/DMP/UCEC/GENEVOD/ggandolfi/Github/ProCESS-scATAC/scripts/simulate_fragments/peak_based/fragments_cells_big_correct/cell_110857.bed
sample_A,cell_110872,/data/rds/DMP/UCEC/GENEVOD/ggandolfi/Github/ProCESS-scATAC/scripts/simulate_fragments/peak_based/fragments_cells_big_correct/cell_110872.bed
sample_A,cell_110873,/data/rds/DMP/UCEC/GENEVOD/ggandolfi/Github/ProCESS-scATAC/scripts/simulate_fragments/peak_based/fragments_cells_big_correct/cell_110873.bed
sample_A,cell_110962,/data/rds/DMP/UCEC/GENEVOD/ggandolfi/Github/ProCESS-scATAC/scripts/simulate_fragments/peak_based/fragments_cells_big_correct/cell_110962.bed
sample_A,cell_110974,/data/rds/DMP/UCEC/GENEVOD/ggandolfi/Github/ProCESS-scATAC/scripts/simulate_fragments/peak_based/fragments_cells_big_correct/cell_110974.bed
sample_A,cell_110975,/data/rds/DMP/UCEC/GENEVOD/ggandolfi/Github/ProCESS-scATAC/scripts/simulate_fragments/peak_based/fragments_cells_big_correct/cell_110975.bed
sample_A,cell_110986,/data/rds/DMP/UCEC/GENEVOD/ggandolfi/Github/ProCESS-scATAC/scripts/simulate_fragments/peak_based/fragments_cells_big_correct/cell_110986.bed
sample_A,cell_111006,/data/rds/DMP/UCEC/GENEVOD/ggandolfi/Github/ProCESS-scATAC/scripts/simulate_fragments/peak_based/fragments_cells_big_correct/cell_111006.bed
sample_A,cell_111021,/data/rds/DMP/UCEC/GENEVOD/ggandolfi/Github/ProCESS-scATAC/scripts/simulate_fragments/peak_based/fragments_cells_big_correct/cell_111021.bed
sample_A,cell_111024,/data/rds/DMP/UCEC/GENEVOD/ggandolfi/Github/ProCESS-scATAC/scripts/simulate_fragments/peak_based/fragments_cells_big_correct/cell_111024.bed
sample_A,cell_111025,/data/rds/DMP/UCEC/GENEVOD/ggandolfi/Github/ProCESS-scATAC/scripts/simulate_fragments/peak_based/fragments_cells_big_correct/cell_111025.bed
sample_A,cell_111036,/data/rds/DMP/UCEC/GENEVOD/ggandolfi/Github/ProCESS-scATAC/scripts/simulate_fragments/peak_based/fragments_cells_big_correct/cell_111036.bed
sample_A,cell_111100,/data/rds/DMP/UCEC/GENEVOD/ggandolfi/Github/ProCESS-scATAC/scripts/simulate_fragments/peak_based/fragments_cells_big_correct/cell_111100.bed
sample_A,cell_111101,/data/rds/DMP/UCEC/GENEVOD/ggandolfi/Github/ProCESS-scATAC/scripts/simulate_fragments/peak_based/fragments_cells_big_correct/cell_111101.bed
sample_A,cell_111109,/data/rds/DMP/UCEC/GENEVOD/ggandolfi/Github/ProCESS-scATAC/scripts/simulate_fragments/peak_based/fragments_cells_big_correct/cell_111109.bed
sample_A,cell_111179,/data/rds/DMP/UCEC/GENEVOD/ggandolfi/Github/ProCESS-scATAC/scripts/simulate_fragments/peak_based/fragments_cells_big_correct/cell_111179.bed
sample_A,cell_111202,/data/rds/DMP/UCEC/GENEVOD/ggandolfi/Github/ProCESS-scATAC/scripts/simulate_fragments/peak_based/fragments_cells_big_correct/cell_111202.bed
sample_A,cell_111203,/data/rds/DMP/UCEC/GENEVOD/ggandolfi/Github/ProCESS-scATAC/scripts/simulate_fragments/peak_based/fragments_cells_big_correct/cell_111203.bed
sample_A,cell_111216,/data/rds/DMP/UCEC/GENEVOD/ggandolfi/Github/ProCESS-scATAC/scripts/simulate_fragments/peak_based/fragments_cells_big_correct/cell_111216.bed
sample_A,cell_111217,/data/rds/DMP/UCEC/GENEVOD/ggandolfi/Github/ProCESS-scATAC/scripts/simulate_fragments/peak_based/fragments_cells_big_correct/cell_111217.bed
sample_A,cell_111228,/data/rds/DMP/UCEC/GENEVOD/ggandolfi/Github/ProCESS-scATAC/scripts/simulate_fragments/peak_based/fragments_cells_big_correct/cell_111228.bed
sample_A,cell_111260,/data/rds/DMP/UCEC/GENEVOD/ggandolfi/Github/ProCESS-scATAC/scripts/simulate_fragments/peak_based/fragments_cells_big_correct/cell_111260.bed
sample_A,cell_111268,/data/rds/DMP/UCEC/GENEVOD/ggandolfi/Github/ProCESS-scATAC/scripts/simulate_fragments/peak_based/fragments_cells_big_correct/cell_111268.bed
sample_A,cell_111269,/data/rds/DMP/UCEC/GENEVOD/ggandolfi/Github/ProCESS-scATAC/scripts/simulate_fragments/peak_based/fragments_cells_big_correct/cell_111269.bed
sample_A,cell_111274,/data/rds/DMP/UCEC/GENEVOD/ggandolfi/Github/ProCESS-scATAC/scripts/simulate_fragments/peak_based/fragments_cells_big_correct/cell_111274.bed
sample_A,cell_111275,/data/rds/DMP/UCEC/GENEVOD/ggandolfi/Github/ProCESS-scATAC/scripts/simulate_fragments/peak_based/fragments_cells_big_correct/cell_111275.bed
sample_A,cell_111282,/data/rds/DMP/UCEC/GENEVOD/ggandolfi/Github/ProCESS-scATAC/scripts/simulate_fragments/peak_based/fragments_cells_big_correct/cell_111282.bed
sample_A,cell_111326,/data/rds/DMP/UCEC/GENEVOD/ggandolfi/Github/ProCESS-scATAC/scripts/simulate_fragments/peak_based/fragments_cells_big_correct/cell_111326.bed
sample_A,cell_111327,/data/rds/DMP/UCEC/GENEVOD/ggandolfi/Github/ProCESS-scATAC/scripts/simulate_fragments/peak_based/fragments_cells_big_correct/cell_111327.bed
sample_A,cell_111366,/data/rds/DMP/UCEC/GENEVOD/ggandolfi/Github/ProCESS-scATAC/scripts/simulate_fragments/peak_based/fragments_cells_big_correct/cell_111366.bed
sample_A,cell_111367,/data/rds/DMP/UCEC/GENEVOD/ggandolfi/Github/ProCESS-scATAC/scripts/simulate_fragments/peak_based/fragments_cells_big_correct/cell_111367.bed
sample_A,cell_111378,/data/rds/DMP/UCEC/GENEVOD/ggandolfi/Github/ProCESS-scATAC/scripts/simulate_fragments/peak_based/fragments_cells_big_correct/cell_111378.bed
sample_A,cell_111385,/data/rds/DMP/UCEC/GENEVOD/ggandolfi/Github/ProCESS-scATAC/scripts/simulate_fragments/peak_based/fragments_cells_big_correct/cell_111385.bed
sample_A,cell_111389,/data/rds/DMP/UCEC/GENEVOD/ggandolfi/Github/ProCESS-scATAC/scripts/simulate_fragments/peak_based/fragments_cells_big_correct/cell_111389.bed
sample_A,cell_111408,/data/rds/DMP/UCEC/GENEVOD/ggandolfi/Github/ProCESS-scATAC/scripts/simulate_fragments/peak_based/fragments_cells_big_correct/cell_111408.bed
sample_A,cell_111409,/data/rds/DMP/UCEC/GENEVOD/ggandolfi/Github/ProCESS-scATAC/scripts/simulate_fragments/peak_based/fragments_cells_big_correct/cell_111409.bed
sample_A,cell_111420,/data/rds/DMP/UCEC/GENEVOD/ggandolfi/Github/ProCESS-scATAC/scripts/simulate_fragments/peak_based/fragments_cells_big_correct/cell_111420.bed
sample_A,cell_111421,/data/rds/DMP/UCEC/GENEVOD/ggandolfi/Github/ProCESS-scATAC/scripts/simulate_fragments/peak_based/fragments_cells_big_correct/cell_111421.bed
sample_A,cell_111474,/data/rds/DMP/UCEC/GENEVOD/ggandolfi/Github/ProCESS-scATAC/scripts/simulate_fragments/peak_based/fragments_cells_big_correct/cell_111474.bed
sample_A,cell_111475,/data/rds/DMP/UCEC/GENEVOD/ggandolfi/Github/ProCESS-scATAC/scripts/simulate_fragments/peak_based/fragments_cells_big_correct/cell_111475.bed
sample_A,cell_111490,/data/rds/DMP/UCEC/GENEVOD/ggandolfi/Github/ProCESS-scATAC/scripts/simulate_fragments/peak_based/fragments_cells_big_correct/cell_111490.bed
sample_A,cell_111498,/data/rds/DMP/UCEC/GENEVOD/ggandolfi/Github/ProCESS-scATAC/scripts/simulate_fragments/peak_based/fragments_cells_big_correct/cell_111498.bed
sample_A,cell_111499,/data/rds/DMP/UCEC/GENEVOD/ggandolfi/Github/ProCESS-scATAC/scripts/simulate_fragments/peak_based/fragments_cells_big_correct/cell_111499.bed
sample_A,cell_111516,/data/rds/DMP/UCEC/GENEVOD/ggandolfi/Github/ProCESS-scATAC/scripts/simulate_fragments/peak_based/fragments_cells_big_correct/cell_111516.bed
sample_A,cell_111517,/data/rds/DMP/UCEC/GENEVOD/ggandolfi/Github/ProCESS-scATAC/scripts/simulate_fragments/peak_based/fragments_cells_big_correct/cell_111517.bed
sample_A,cell_111524,/data/rds/DMP/UCEC/GENEVOD/ggandolfi/Github/ProCESS-scATAC/scripts/simulate_fragments/peak_based/fragments_cells_big_correct/cell_111524.bed
sample_A,cell_111525,/data/rds/DMP/UCEC/GENEVOD/ggandolfi/Github/ProCESS-scATAC/scripts/simulate_fragments/peak_based/fragments_cells_big_correct/cell_111525.bed
sample_A,cell_111546,/data/rds/DMP/UCEC/GENEVOD/ggandolfi/Github/ProCESS-scATAC/scripts/simulate_fragments/peak_based/fragments_cells_big_correct/cell_111546.bed
sample_A,cell_111571,/data/rds/DMP/UCEC/GENEVOD/ggandolfi/Github/ProCESS-scATAC/scripts/simulate_fragments/peak_based/fragments_cells_big_correct/cell_111571.bed
sample_A,cell_111682,/data/rds/DMP/UCEC/GENEVOD/ggandolfi/Github/ProCESS-scATAC/scripts/simulate_fragments/peak_based/fragments_cells_big_correct/cell_111682.bed
sample_A,cell_111683,/data/rds/DMP/UCEC/GENEVOD/ggandolfi/Github/ProCESS-scATAC/scripts/simulate_fragments/peak_based/fragments_cells_big_correct/cell_111683.bed
sample_A,cell_111698,/data/rds/DMP/UCEC/GENEVOD/ggandolfi/Github/ProCESS-scATAC/scripts/simulate_fragments/peak_based/fragments_cells_big_correct/cell_111698.bed
sample_A,cell_111724,/data/rds/DMP/UCEC/GENEVOD/ggandolfi/Github/ProCESS-scATAC/scripts/simulate_fragments/peak_based/fragments_cells_big_correct/cell_111724.bed
sample_A,cell_111725,/data/rds/DMP/UCEC/GENEVOD/ggandolfi/Github/ProCESS-scATAC/scripts/simulate_fragments/peak_based/fragments_cells_big_correct/cell_111725.bed
sample_A,cell_111728,/data/rds/DMP/UCEC/GENEVOD/ggandolfi/Github/ProCESS-scATAC/scripts/simulate_fragments/peak_based/fragments_cells_big_correct/cell_111728.bed
sample_A,cell_111729,/data/rds/DMP/UCEC/GENEVOD/ggandolfi/Github/ProCESS-scATAC/scripts/simulate_fragments/peak_based/fragments_cells_big_correct/cell_111729.bed
sample_A,cell_111784,/data/rds/DMP/UCEC/GENEVOD/ggandolfi/Github/ProCESS-scATAC/scripts/simulate_fragments/peak_based/fragments_cells_big_correct/cell_111784.bed
sample_A,cell_111796,/data/rds/DMP/UCEC/GENEVOD/ggandolfi/Github/ProCESS-scATAC/scripts/simulate_fragments/peak_based/fragments_cells_big_correct/cell_111796.bed
sample_A,cell_111797,/data/rds/DMP/UCEC/GENEVOD/ggandolfi/Github/ProCESS-scATAC/scripts/simulate_fragments/peak_based/fragments_cells_big_correct/cell_111797.bed
sample_A,cell_111914,/data/rds/DMP/UCEC/GENEVOD/ggandolfi/Github/ProCESS-scATAC/scripts/simulate_fragments/peak_based/fragments_cells_big_correct/cell_111914.bed
sample_A,cell_111915,/data/rds/DMP/UCEC/GENEVOD/ggandolfi/Github/ProCESS-scATAC/scripts/simulate_fragments/peak_based/fragments_cells_big_correct/cell_111915.bed
sample_A,cell_111925,/data/rds/DMP/UCEC/GENEVOD/ggandolfi/Github/ProCESS-scATAC/scripts/simulate_fragments/peak_based/fragments_cells_big_correct/cell_111925.bed
sample_A,cell_111956,/data/rds/DMP/UCEC/GENEVOD/ggandolfi/Github/ProCESS-scATAC/scripts/simulate_fragments/peak_based/fragments_cells_big_correct/cell_111956.bed
sample_A,cell_111957,/data/rds/DMP/UCEC/GENEVOD/ggandolfi/Github/ProCESS-scATAC/scripts/simulate_fragments/peak_based/fragments_cells_big_correct/cell_111957.bed
sample_A,cell_111980,/data/rds/DMP/UCEC/GENEVOD/ggandolfi/Github/ProCESS-scATAC/scripts/simulate_fragments/peak_based/fragments_cells_big_correct/cell_111980.bed
sample_A,cell_111981,/data/rds/DMP/UCEC/GENEVOD/ggandolfi/Github/ProCESS-scATAC/scripts/simulate_fragments/peak_based/fragments_cells_big_correct/cell_111981.bed
sample_A,cell_112008,/data/rds/DMP/UCEC/GENEVOD/ggandolfi/Github/ProCESS-scATAC/scripts/simulate_fragments/peak_based/fragments_cells_big_correct/cell_112008.bed
sample_A,cell_112012,/data/rds/DMP/UCEC/GENEVOD/ggandolfi/Github/ProCESS-scATAC/scripts/simulate_fragments/peak_based/fragments_cells_big_correct/cell_112012.bed
sample_A,cell_112013,/data/rds/DMP/UCEC/GENEVOD/ggandolfi/Github/ProCESS-scATAC/scripts/simulate_fragments/peak_based/fragments_cells_big_correct/cell_112013.bed
sample_A,cell_112056,/data/rds/DMP/UCEC/GENEVOD/ggandolfi/Github/ProCESS-scATAC/scripts/simulate_fragments/peak_based/fragments_cells_big_correct/cell_112056.bed
sample_A,cell_112066,/data/rds/DMP/UCEC/GENEVOD/ggandolfi/Github/ProCESS-scATAC/scripts/simulate_fragments/peak_based/fragments_cells_big_correct/cell_112066.bed
sample_A,cell_112067,/data/rds/DMP/UCEC/GENEVOD/ggandolfi/Github/ProCESS-scATAC/scripts/simulate_fragments/peak_based/fragments_cells_big_correct/cell_112067.bed
sample_A,cell_112076,/data/rds/DMP/UCEC/GENEVOD/ggandolfi/Github/ProCESS-scATAC/scripts/simulate_fragments/peak_based/fragments_cells_big_correct/cell_112076.bed
sample_A,cell_112077,/data/rds/DMP/UCEC/GENEVOD/ggandolfi/Github/ProCESS-scATAC/scripts/simulate_fragments/peak_based/fragments_cells_big_correct/cell_112077.bed
sample_A,cell_112084,/data/rds/DMP/UCEC/GENEVOD/ggandolfi/Github/ProCESS-scATAC/scripts/simulate_fragments/peak_based/fragments_cells_big_correct/cell_112084.bed
sample_A,cell_112085,/data/rds/DMP/UCEC/GENEVOD/ggandolfi/Github/ProCESS-scATAC/scripts/simulate_fragments/peak_based/fragments_cells_big_correct/cell_112085.bed
sample_A,cell_112102,/data/rds/DMP/UCEC/GENEVOD/ggandolfi/Github/ProCESS-scATAC/scripts/simulate_fragments/peak_based/fragments_cells_big_correct/cell_112102.bed
sample_A,cell_112103,/data/rds/DMP/UCEC/GENEVOD/ggandolfi/Github/ProCESS-scATAC/scripts/simulate_fragments/peak_based/fragments_cells_big_correct/cell_112103.bed
sample_A,cell_112138,/data/rds/DMP/UCEC/GENEVOD/ggandolfi/Github/ProCESS-scATAC/scripts/simulate_fragments/peak_based/fragments_cells_big_correct/cell_112138.bed
sample_A,cell_112139,/data/rds/DMP/UCEC/GENEVOD/ggandolfi/Github/ProCESS-scATAC/scripts/simulate_fragments/peak_based/fragments_cells_big_correct/cell_112139.bed
sample_A,cell_112150,/data/rds/DMP/UCEC/GENEVOD/ggandolfi/Github/ProCESS-scATAC/scripts/simulate_fragments/peak_based/fragments_cells_big_correct/cell_112150.bed
sample_A,cell_112206,/data/rds/DMP/UCEC/GENEVOD/ggandolfi/Github/ProCESS-scATAC/scripts/simulate_fragments/peak_based/fragments_cells_big_correct/cell_112206.bed
sample_A,cell_112207,/data/rds/DMP/UCEC/GENEVOD/ggandolfi/Github/ProCESS-scATAC/scripts/simulate_fragments/peak_based/fragments_cells_big_correct/cell_112207.bed
sample_A,cell_112226,/data/rds/DMP/UCEC/GENEVOD/ggandolfi/Github/ProCESS-scATAC/scripts/simulate_fragments/peak_based/fragments_cells_big_correct/cell_112226.bed
sample_A,cell_112227,/data/rds/DMP/UCEC/GENEVOD/ggandolfi/Github/ProCESS-scATAC/scripts/simulate_fragments/peak_based/fragments_cells_big_correct/cell_112227.bed
sample_A,cell_112256,/data/rds/DMP/UCEC/GENEVOD/ggandolfi/Github/ProCESS-scATAC/scripts/simulate_fragments/peak_based/fragments_cells_big_correct/cell_112256.bed
sample_A,cell_112257,/data/rds/DMP/UCEC/GENEVOD/ggandolfi/Github/ProCESS-scATAC/scripts/simulate_fragments/peak_based/fragments_cells_big_correct/cell_112257.bed
sample_A,cell_112268,/data/rds/DMP/UCEC/GENEVOD/ggandolfi/Github/ProCESS-scATAC/scripts/simulate_fragments/peak_based/fragments_cells_big_correct/cell_112268.bed
sample_A,cell_112269,/data/rds/DMP/UCEC/GENEVOD/ggandolfi/Github/ProCESS-scATAC/scripts/simulate_fragments/peak_based/fragments_cells_big_correct/cell_112269.bed
sample_A,cell_112271,/data/rds/DMP/UCEC/GENEVOD/ggandolfi/Github/ProCESS-scATAC/scripts/simulate_fragments/peak_based/fragments_cells_big_correct/cell_112271.bed
sample_A,cell_112276,/data/rds/DMP/UCEC/GENEVOD/ggandolfi/Github/ProCESS-scATAC/scripts/simulate_fragments/peak_based/fragments_cells_big_correct/cell_112276.bed
sample_A,cell_112277,/data/rds/DMP/UCEC/GENEVOD/ggandolfi/Github/ProCESS-scATAC/scripts/simulate_fragments/peak_based/fragments_cells_big_correct/cell_112277.bed
sample_A,cell_112279,/data/rds/DMP/UCEC/GENEVOD/ggandolfi/Github/ProCESS-scATAC/scripts/simulate_fragments/peak_based/fragments_cells_big_correct/cell_112279.bed
sample_A,cell_112304,/data/rds/DMP/UCEC/GENEVOD/ggandolfi/Github/ProCESS-scATAC/scripts/simulate_fragments/peak_based/fragments_cells_big_correct/cell_112304.bed
sample_A,cell_112305,/data/rds/DMP/UCEC/GENEVOD/ggandolfi/Github/ProCESS-scATAC/scripts/simulate_fragments/peak_based/fragments_cells_big_correct/cell_112305.bed
sample_A,cell_112308,/data/rds/DMP/UCEC/GENEVOD/ggandolfi/Github/ProCESS-scATAC/scripts/simulate_fragments/peak_based/fragments_cells_big_correct/cell_112308.bed
sample_A,cell_112309,/data/rds/DMP/UCEC/GENEVOD/ggandolfi/Github/ProCESS-scATAC/scripts/simulate_fragments/peak_based/fragments_cells_big_correct/cell_112309.bed
sample_A,cell_112356,/data/rds/DMP/UCEC/GENEVOD/ggandolfi/Github/ProCESS-scATAC/scripts/simulate_fragments/peak_based/fragments_cells_big_correct/cell_112356.bed
sample_A,cell_112357,/data/rds/DMP/UCEC/GENEVOD/ggandolfi/Github/ProCESS-scATAC/scripts/simulate_fragments/peak_based/fragments_cells_big_correct/cell_112357.bed
sample_A,cell_112384,/data/rds/DMP/UCEC/GENEVOD/ggandolfi/Github/ProCESS-scATAC/scripts/simulate_fragments/peak_based/fragments_cells_big_correct/cell_112384.bed
sample_A,cell_112385,/data/rds/DMP/UCEC/GENEVOD/ggandolfi/Github/ProCESS-scATAC/scripts/simulate_fragments/peak_based/fragments_cells_big_correct/cell_112385.bed
sample_A,cell_112491,/data/rds/DMP/UCEC/GENEVOD/ggandolfi/Github/ProCESS-scATAC/scripts/simulate_fragments/peak_based/fragments_cells_big_correct/cell_112491.bed
sample_A,cell_112650,/data/rds/DMP/UCEC/GENEVOD/ggandolfi/Github/ProCESS-scATAC/scripts/simulate_fragments/peak_based/fragments_cells_big_correct/cell_112650.bed
sample_A,cell_112651,/data/rds/DMP/UCEC/GENEVOD/ggandolfi/Github/ProCESS-scATAC/scripts/simulate_fragments/peak_based/fragments_cells_big_correct/cell_112651.bed
sample_A,cell_112682,/data/rds/DMP/UCEC/GENEVOD/ggandolfi/Github/ProCESS-scATAC/scripts/simulate_fragments/peak_based/fragments_cells_big_correct/cell_112682.bed
sample_A,cell_112734,/data/rds/DMP/UCEC/GENEVOD/ggandolfi/Github/ProCESS-scATAC/scripts/simulate_fragments/peak_based/fragments_cells_big_correct/cell_112734.bed
sample_A,cell_112735,/data/rds/DMP/UCEC/GENEVOD/ggandolfi/Github/ProCESS-scATAC/scripts/simulate_fragments/peak_based/fragments_cells_big_correct/cell_112735.bed
sample_A,cell_112746,/data/rds/DMP/UCEC/GENEVOD/ggandolfi/Github/ProCESS-scATAC/scripts/simulate_fragments/peak_based/fragments_cells_big_correct/cell_112746.bed
sample_A,cell_112747,/data/rds/DMP/UCEC/GENEVOD/ggandolfi/Github/ProCESS-scATAC/scripts/simulate_fragments/peak_based/fragments_cells_big_correct/cell_112747.bed
sample_A,cell_112826,/data/rds/DMP/UCEC/GENEVOD/ggandolfi/Github/ProCESS-scATAC/scripts/simulate_fragments/peak_based/fragments_cells_big_correct/cell_112826.bed
sample_A,cell_112827,/data/rds/DMP/UCEC/GENEVOD/ggandolfi/Github/ProCESS-scATAC/scripts/simulate_fragments/peak_based/fragments_cells_big_correct/cell_112827.bed
sample_A,cell_112886,/data/rds/DMP/UCEC/GENEVOD/ggandolfi/Github/ProCESS-scATAC/scripts/simulate_fragments/peak_based/fragments_cells_big_correct/cell_112886.bed
sample_A,cell_112888,/data/rds/DMP/UCEC/GENEVOD/ggandolfi/Github/ProCESS-scATAC/scripts/simulate_fragments/peak_based/fragments_cells_big_correct/cell_112888.bed
sample_A,cell_112889,/data/rds/DMP/UCEC/GENEVOD/ggandolfi/Github/ProCESS-scATAC/scripts/simulate_fragments/peak_based/fragments_cells_big_correct/cell_112889.bed
sample_A,cell_112898,/data/rds/DMP/UCEC/GENEVOD/ggandolfi/Github/ProCESS-scATAC/scripts/simulate_fragments/peak_based/fragments_cells_big_correct/cell_112898.bed
sample_A,cell_113030,/data/rds/DMP/UCEC/GENEVOD/ggandolfi/Github/ProCESS-scATAC/scripts/simulate_fragments/peak_based/fragments_cells_big_correct/cell_113030.bed
sample_A,cell_113031,/data/rds/DMP/UCEC/GENEVOD/ggandolfi/Github/ProCESS-scATAC/scripts/simulate_fragments/peak_based/fragments_cells_big_correct/cell_113031.bed
sample_A,cell_113036,/data/rds/DMP/UCEC/GENEVOD/ggandolfi/Github/ProCESS-scATAC/scripts/simulate_fragments/peak_based/fragments_cells_big_correct/cell_113036.bed
sample_A,cell_113037,/data/rds/DMP/UCEC/GENEVOD/ggandolfi/Github/ProCESS-scATAC/scripts/simulate_fragments/peak_based/fragments_cells_big_correct/cell_113037.bed
sample_A,cell_113101,/data/rds/DMP/UCEC/GENEVOD/ggandolfi/Github/ProCESS-scATAC/scripts/simulate_fragments/peak_based/fragments_cells_big_correct/cell_113101.bed
sample_A,cell_113122,/data/rds/DMP/UCEC/GENEVOD/ggandolfi/Github/ProCESS-scATAC/scripts/simulate_fragments/peak_based/fragments_cells_big_correct/cell_113122.bed
sample_A,cell_113123,/data/rds/DMP/UCEC/GENEVOD/ggandolfi/Github/ProCESS-scATAC/scripts/simulate_fragments/peak_based/fragments_cells_big_correct/cell_113123.bed
sample_A,cell_113125,/data/rds/DMP/UCEC/GENEVOD/ggandolfi/Github/ProCESS-scATAC/scripts/simulate_fragments/peak_based/fragments_cells_big_correct/cell_113125.bed
sample_A,cell_113126,/data/rds/DMP/UCEC/GENEVOD/ggandolfi/Github/ProCESS-scATAC/scripts/simulate_fragments/peak_based/fragments_cells_big_correct/cell_113126.bed
sample_A,cell_113127,/data/rds/DMP/UCEC/GENEVOD/ggandolfi/Github/ProCESS-scATAC/scripts/simulate_fragments/peak_based/fragments_cells_big_correct/cell_113127.bed
sample_A,cell_113136,/data/rds/DMP/UCEC/GENEVOD/ggandolfi/Github/ProCESS-scATAC/scripts/simulate_fragments/peak_based/fragments_cells_big_correct/cell_113136.bed
sample_A,cell_113137,/data/rds/DMP/UCEC/GENEVOD/ggandolfi/Github/ProCESS-scATAC/scripts/simulate_fragments/peak_based/fragments_cells_big_correct/cell_113137.bed
sample_A,cell_113232,/data/rds/DMP/UCEC/GENEVOD/ggandolfi/Github/ProCESS-scATAC/scripts/simulate_fragments/peak_based/fragments_cells_big_correct/cell_113232.bed
sample_A,cell_113233,/data/rds/DMP/UCEC/GENEVOD/ggandolfi/Github/ProCESS-scATAC/scripts/simulate_fragments/peak_based/fragments_cells_big_correct/cell_113233.bed
sample_A,cell_113296,/data/rds/DMP/UCEC/GENEVOD/ggandolfi/Github/ProCESS-scATAC/scripts/simulate_fragments/peak_based/fragments_cells_big_correct/cell_113296.bed
sample_A,cell_113297,/data/rds/DMP/UCEC/GENEVOD/ggandolfi/Github/ProCESS-scATAC/scripts/simulate_fragments/peak_based/fragments_cells_big_correct/cell_113297.bed
sample_A,cell_113301,/data/rds/DMP/UCEC/GENEVOD/ggandolfi/Github/ProCESS-scATAC/scripts/simulate_fragments/peak_based/fragments_cells_big_correct/cell_113301.bed
sample_A,cell_113330,/data/rds/DMP/UCEC/GENEVOD/ggandolfi/Github/ProCESS-scATAC/scripts/simulate_fragments/peak_based/fragments_cells_big_correct/cell_113330.bed
sample_A,cell_113336,/data/rds/DMP/UCEC/GENEVOD/ggandolfi/Github/ProCESS-scATAC/scripts/simulate_fragments/peak_based/fragments_cells_big_correct/cell_113336.bed
sample_A,cell_113364,/data/rds/DMP/UCEC/GENEVOD/ggandolfi/Github/ProCESS-scATAC/scripts/simulate_fragments/peak_based/fragments_cells_big_correct/cell_113364.bed
sample_A,cell_113374,/data/rds/DMP/UCEC/GENEVOD/ggandolfi/Github/ProCESS-scATAC/scripts/simulate_fragments/peak_based/fragments_cells_big_correct/cell_113374.bed
sample_A,cell_113375,/data/rds/DMP/UCEC/GENEVOD/ggandolfi/Github/ProCESS-scATAC/scripts/simulate_fragments/peak_based/fragments_cells_big_correct/cell_113375.bed
sample_A,cell_113384,/data/rds/DMP/UCEC/GENEVOD/ggandolfi/Github/ProCESS-scATAC/scripts/simulate_fragments/peak_based/fragments_cells_big_correct/cell_113384.bed
sample_A,cell_113385,/data/rds/DMP/UCEC/GENEVOD/ggandolfi/Github/ProCESS-scATAC/scripts/simulate_fragments/peak_based/fragments_cells_big_correct/cell_113385.bed
sample_A,cell_113398,/data/rds/DMP/UCEC/GENEVOD/ggandolfi/Github/ProCESS-scATAC/scripts/simulate_fragments/peak_based/fragments_cells_big_correct/cell_113398.bed
sample_A,cell_113399,/data/rds/DMP/UCEC/GENEVOD/ggandolfi/Github/ProCESS-scATAC/scripts/simulate_fragments/peak_based/fragments_cells_big_correct/cell_113399.bed
sample_A,cell_113428,/data/rds/DMP/UCEC/GENEVOD/ggandolfi/Github/ProCESS-scATAC/scripts/simulate_fragments/peak_based/fragments_cells_big_correct/cell_113428.bed
sample_A,cell_113429,/data/rds/DMP/UCEC/GENEVOD/ggandolfi/Github/ProCESS-scATAC/scripts/simulate_fragments/peak_based/fragments_cells_big_correct/cell_113429.bed
sample_A,cell_113434,/data/rds/DMP/UCEC/GENEVOD/ggandolfi/Github/ProCESS-scATAC/scripts/simulate_fragments/peak_based/fragments_cells_big_correct/cell_113434.bed
sample_A,cell_113452,/data/rds/DMP/UCEC/GENEVOD/ggandolfi/Github/ProCESS-scATAC/scripts/simulate_fragments/peak_based/fragments_cells_big_correct/cell_113452.bed
sample_A,cell_113453,/data/rds/DMP/UCEC/GENEVOD/ggandolfi/Github/ProCESS-scATAC/scripts/simulate_fragments/peak_based/fragments_cells_big_correct/cell_113453.bed
sample_A,cell_113456,/data/rds/DMP/UCEC/GENEVOD/ggandolfi/Github/ProCESS-scATAC/scripts/simulate_fragments/peak_based/fragments_cells_big_correct/cell_113456.bed
sample_A,cell_113457,/data/rds/DMP/UCEC/GENEVOD/ggandolfi/Github/ProCESS-scATAC/scripts/simulate_fragments/peak_based/fragments_cells_big_correct/cell_113457.bed
sample_A,cell_113460,/data/rds/DMP/UCEC/GENEVOD/ggandolfi/Github/ProCESS-scATAC/scripts/simulate_fragments/peak_based/fragments_cells_big_correct/cell_113460.bed
sample_A,cell_113461,/data/rds/DMP/UCEC/GENEVOD/ggandolfi/Github/ProCESS-scATAC/scripts/simulate_fragments/peak_based/fragments_cells_big_correct/cell_113461.bed
sample_A,cell_113472,/data/rds/DMP/UCEC/GENEVOD/ggandolfi/Github/ProCESS-scATAC/scripts/simulate_fragments/peak_based/fragments_cells_big_correct/cell_113472.bed
sample_A,cell_113473,/data/rds/DMP/UCEC/GENEVOD/ggandolfi/Github/ProCESS-scATAC/scripts/simulate_fragments/peak_based/fragments_cells_big_correct/cell_113473.bed
sample_A,cell_113538,/data/rds/DMP/UCEC/GENEVOD/ggandolfi/Github/ProCESS-scATAC/scripts/simulate_fragments/peak_based/fragments_cells_big_correct/cell_113538.bed
sample_A,cell_113539,/data/rds/DMP/UCEC/GENEVOD/ggandolfi/Github/ProCESS-scATAC/scripts/simulate_fragments/peak_based/fragments_cells_big_correct/cell_113539.bed
sample_A,cell_113568,/data/rds/DMP/UCEC/GENEVOD/ggandolfi/Github/ProCESS-scATAC/scripts/simulate_fragments/peak_based/fragments_cells_big_correct/cell_113568.bed
sample_A,cell_113569,/data/rds/DMP/UCEC/GENEVOD/ggandolfi/Github/ProCESS-scATAC/scripts/simulate_fragments/peak_based/fragments_cells_big_correct/cell_113569.bed
sample_A,cell_113598,/data/rds/DMP/UCEC/GENEVOD/ggandolfi/Github/ProCESS-scATAC/scripts/simulate_fragments/peak_based/fragments_cells_big_correct/cell_113598.bed
sample_A,cell_113614,/data/rds/DMP/UCEC/GENEVOD/ggandolfi/Github/ProCESS-scATAC/scripts/simulate_fragments/peak_based/fragments_cells_big_correct/cell_113614.bed
sample_A,cell_113668,/data/rds/DMP/UCEC/GENEVOD/ggandolfi/Github/ProCESS-scATAC/scripts/simulate_fragments/peak_based/fragments_cells_big_correct/cell_113668.bed
sample_A,cell_113669,/data/rds/DMP/UCEC/GENEVOD/ggandolfi/Github/ProCESS-scATAC/scripts/simulate_fragments/peak_based/fragments_cells_big_correct/cell_113669.bed
sample_A,cell_113758,/data/rds/DMP/UCEC/GENEVOD/ggandolfi/Github/ProCESS-scATAC/scripts/simulate_fragments/peak_based/fragments_cells_big_correct/cell_113758.bed
sample_A,cell_113759,/data/rds/DMP/UCEC/GENEVOD/ggandolfi/Github/ProCESS-scATAC/scripts/simulate_fragments/peak_based/fragments_cells_big_correct/cell_113759.bed
sample_A,cell_113892,/data/rds/DMP/UCEC/GENEVOD/ggandolfi/Github/ProCESS-scATAC/scripts/simulate_fragments/peak_based/fragments_cells_big_correct/cell_113892.bed
sample_A,cell_113893,/data/rds/DMP/UCEC/GENEVOD/ggandolfi/Github/ProCESS-scATAC/scripts/simulate_fragments/peak_based/fragments_cells_big_correct/cell_113893.bed
sample_A,cell_113943,/data/rds/DMP/UCEC/GENEVOD/ggandolfi/Github/ProCESS-scATAC/scripts/simulate_fragments/peak_based/fragments_cells_big_correct/cell_113943.bed
sample_A,cell_113946,/data/rds/DMP/UCEC/GENEVOD/ggandolfi/Github/ProCESS-scATAC/scripts/simulate_fragments/peak_based/fragments_cells_big_correct/cell_113946.bed
sample_A,cell_114020,/data/rds/DMP/UCEC/GENEVOD/ggandolfi/Github/ProCESS-scATAC/scripts/simulate_fragments/peak_based/fragments_cells_big_correct/cell_114020.bed
sample_A,cell_114021,/data/rds/DMP/UCEC/GENEVOD/ggandolfi/Github/ProCESS-scATAC/scripts/simulate_fragments/peak_based/fragments_cells_big_correct/cell_114021.bed
sample_A,cell_114054,/data/rds/DMP/UCEC/GENEVOD/ggandolfi/Github/ProCESS-scATAC/scripts/simulate_fragments/peak_based/fragments_cells_big_correct/cell_114054.bed
sample_A,cell_114055,/data/rds/DMP/UCEC/GENEVOD/ggandolfi/Github/ProCESS-scATAC/scripts/simulate_fragments/peak_based/fragments_cells_big_correct/cell_114055.bed
sample_A,cell_114070,/data/rds/DMP/UCEC/GENEVOD/ggandolfi/Github/ProCESS-scATAC/scripts/simulate_fragments/peak_based/fragments_cells_big_correct/cell_114070.bed
sample_A,cell_114071,/data/rds/DMP/UCEC/GENEVOD/ggandolfi/Github/ProCESS-scATAC/scripts/simulate_fragments/peak_based/fragments_cells_big_correct/cell_114071.bed
sample_A,cell_114134,/data/rds/DMP/UCEC/GENEVOD/ggandolfi/Github/ProCESS-scATAC/scripts/simulate_fragments/peak_based/fragments_cells_big_correct/cell_114134.bed
sample_A,cell_114136,/data/rds/DMP/UCEC/GENEVOD/ggandolfi/Github/ProCESS-scATAC/scripts/simulate_fragments/peak_based/fragments_cells_big_correct/cell_114136.bed
sample_A,cell_114137,/data/rds/DMP/UCEC/GENEVOD/ggandolfi/Github/ProCESS-scATAC/scripts/simulate_fragments/peak_based/fragments_cells_big_correct/cell_114137.bed
sample_A,cell_114167,/data/rds/DMP/UCEC/GENEVOD/ggandolfi/Github/ProCESS-scATAC/scripts/simulate_fragments/peak_based/fragments_cells_big_correct/cell_114167.bed
sample_A,cell_114170,/data/rds/DMP/UCEC/GENEVOD/ggandolfi/Github/ProCESS-scATAC/scripts/simulate_fragments/peak_based/fragments_cells_big_correct/cell_114170.bed
sample_A,cell_114312,/data/rds/DMP/UCEC/GENEVOD/ggandolfi/Github/ProCESS-scATAC/scripts/simulate_fragments/peak_based/fragments_cells_big_correct/cell_114312.bed
sample_A,cell_114313,/data/rds/DMP/UCEC/GENEVOD/ggandolfi/Github/ProCESS-scATAC/scripts/simulate_fragments/peak_based/fragments_cells_big_correct/cell_114313.bed
sample_A,cell_114442,/data/rds/DMP/UCEC/GENEVOD/ggandolfi/Github/ProCESS-scATAC/scripts/simulate_fragments/peak_based/fragments_cells_big_correct/cell_114442.bed
sample_A,cell_114443,/data/rds/DMP/UCEC/GENEVOD/ggandolfi/Github/ProCESS-scATAC/scripts/simulate_fragments/peak_based/fragments_cells_big_correct/cell_114443.bed
sample_A,cell_114462,/data/rds/DMP/UCEC/GENEVOD/ggandolfi/Github/ProCESS-scATAC/scripts/simulate_fragments/peak_based/fragments_cells_big_correct/cell_114462.bed
sample_A,cell_114463,/data/rds/DMP/UCEC/GENEVOD/ggandolfi/Github/ProCESS-scATAC/scripts/simulate_fragments/peak_based/fragments_cells_big_correct/cell_114463.bed
sample_A,cell_114480,/data/rds/DMP/UCEC/GENEVOD/ggandolfi/Github/ProCESS-scATAC/scripts/simulate_fragments/peak_based/fragments_cells_big_correct/cell_114480.bed
sample_A,cell_114481,/data/rds/DMP/UCEC/GENEVOD/ggandolfi/Github/ProCESS-scATAC/scripts/simulate_fragments/peak_based/fragments_cells_big_correct/cell_114481.bed
sample_A,cell_114486,/data/rds/DMP/UCEC/GENEVOD/ggandolfi/Github/ProCESS-scATAC/scripts/simulate_fragments/peak_based/fragments_cells_big_correct/cell_114486.bed
sample_A,cell_114487,/data/rds/DMP/UCEC/GENEVOD/ggandolfi/Github/ProCESS-scATAC/scripts/simulate_fragments/peak_based/fragments_cells_big_correct/cell_114487.bed
sample_A,cell_114548,/data/rds/DMP/UCEC/GENEVOD/ggandolfi/Github/ProCESS-scATAC/scripts/simulate_fragments/peak_based/fragments_cells_big_correct/cell_114548.bed
sample_A,cell_114549,/data/rds/DMP/UCEC/GENEVOD/ggandolfi/Github/ProCESS-scATAC/scripts/simulate_fragments/peak_based/fragments_cells_big_correct/cell_114549.bed
sample_A,cell_114592,/data/rds/DMP/UCEC/GENEVOD/ggandolfi/Github/ProCESS-scATAC/scripts/simulate_fragments/peak_based/fragments_cells_big_correct/cell_114592.bed
sample_A,cell_114593,/data/rds/DMP/UCEC/GENEVOD/ggandolfi/Github/ProCESS-scATAC/scripts/simulate_fragments/peak_based/fragments_cells_big_correct/cell_114593.bed
sample_A,cell_114614,/data/rds/DMP/UCEC/GENEVOD/ggandolfi/Github/ProCESS-scATAC/scripts/simulate_fragments/peak_based/fragments_cells_big_correct/cell_114614.bed
sample_A,cell_114615,/data/rds/DMP/UCEC/GENEVOD/ggandolfi/Github/ProCESS-scATAC/scripts/simulate_fragments/peak_based/fragments_cells_big_correct/cell_114615.bed
sample_A,cell_114616,/data/rds/DMP/UCEC/GENEVOD/ggandolfi/Github/ProCESS-scATAC/scripts/simulate_fragments/peak_based/fragments_cells_big_correct/cell_114616.bed
sample_A,cell_114617,/data/rds/DMP/UCEC/GENEVOD/ggandolfi/Github/ProCESS-scATAC/scripts/simulate_fragments/peak_based/fragments_cells_big_correct/cell_114617.bed
sample_A,cell_114618,/data/rds/DMP/UCEC/GENEVOD/ggandolfi/Github/ProCESS-scATAC/scripts/simulate_fragments/peak_based/fragments_cells_big_correct/cell_114618.bed
sample_A,cell_114619,/data/rds/DMP/UCEC/GENEVOD/ggandolfi/Github/ProCESS-scATAC/scripts/simulate_fragments/peak_based/fragments_cells_big_correct/cell_114619.bed
sample_A,cell_114646,/data/rds/DMP/UCEC/GENEVOD/ggandolfi/Github/ProCESS-scATAC/scripts/simulate_fragments/peak_based/fragments_cells_big_correct/cell_114646.bed
sample_A,cell_114647,/data/rds/DMP/UCEC/GENEVOD/ggandolfi/Github/ProCESS-scATAC/scripts/simulate_fragments/peak_based/fragments_cells_big_correct/cell_114647.bed
sample_A,cell_114690,/data/rds/DMP/UCEC/GENEVOD/ggandolfi/Github/ProCESS-scATAC/scripts/simulate_fragments/peak_based/fragments_cells_big_correct/cell_114690.bed
sample_A,cell_114691,/data/rds/DMP/UCEC/GENEVOD/ggandolfi/Github/ProCESS-scATAC/scripts/simulate_fragments/peak_based/fragments_cells_big_correct/cell_114691.bed
sample_A,cell_114698,/data/rds/DMP/UCEC/GENEVOD/ggandolfi/Github/ProCESS-scATAC/scripts/simulate_fragments/peak_based/fragments_cells_big_correct/cell_114698.bed
sample_A,cell_114699,/data/rds/DMP/UCEC/GENEVOD/ggandolfi/Github/ProCESS-scATAC/scripts/simulate_fragments/peak_based/fragments_cells_big_correct/cell_114699.bed
sample_A,cell_114703,/data/rds/DMP/UCEC/GENEVOD/ggandolfi/Github/ProCESS-scATAC/scripts/simulate_fragments/peak_based/fragments_cells_big_correct/cell_114703.bed
sample_A,cell_114734,/data/rds/DMP/UCEC/GENEVOD/ggandolfi/Github/ProCESS-scATAC/scripts/simulate_fragments/peak_based/fragments_cells_big_correct/cell_114734.bed
sample_A,cell_114735,/data/rds/DMP/UCEC/GENEVOD/ggandolfi/Github/ProCESS-scATAC/scripts/simulate_fragments/peak_based/fragments_cells_big_correct/cell_114735.bed
sample_A,cell_114758,/data/rds/DMP/UCEC/GENEVOD/ggandolfi/Github/ProCESS-scATAC/scripts/simulate_fragments/peak_based/fragments_cells_big_correct/cell_114758.bed
sample_A,cell_114759,/data/rds/DMP/UCEC/GENEVOD/ggandolfi/Github/ProCESS-scATAC/scripts/simulate_fragments/peak_based/fragments_cells_big_correct/cell_114759.bed
sample_A,cell_114798,/data/rds/DMP/UCEC/GENEVOD/ggandolfi/Github/ProCESS-scATAC/scripts/simulate_fragments/peak_based/fragments_cells_big_correct/cell_114798.bed
sample_A,cell_114799,/data/rds/DMP/UCEC/GENEVOD/ggandolfi/Github/ProCESS-scATAC/scripts/simulate_fragments/peak_based/fragments_cells_big_correct/cell_114799.bed
sample_A,cell_114862,/data/rds/DMP/UCEC/GENEVOD/ggandolfi/Github/ProCESS-scATAC/scripts/simulate_fragments/peak_based/fragments_cells_big_correct/cell_114862.bed
sample_A,cell_114863,/data/rds/DMP/UCEC/GENEVOD/ggandolfi/Github/ProCESS-scATAC/scripts/simulate_fragments/peak_based/fragments_cells_big_correct/cell_114863.bed
sample_A,cell_114922,/data/rds/DMP/UCEC/GENEVOD/ggandolfi/Github/ProCESS-scATAC/scripts/simulate_fragments/peak_based/fragments_cells_big_correct/cell_114922.bed
sample_A,cell_114923,/data/rds/DMP/UCEC/GENEVOD/ggandolfi/Github/ProCESS-scATAC/scripts/simulate_fragments/peak_based/fragments_cells_big_correct/cell_114923.bed
sample_A,cell_115000,/data/rds/DMP/UCEC/GENEVOD/ggandolfi/Github/ProCESS-scATAC/scripts/simulate_fragments/peak_based/fragments_cells_big_correct/cell_115000.bed
sample_A,cell_115001,/data/rds/DMP/UCEC/GENEVOD/ggandolfi/Github/ProCESS-scATAC/scripts/simulate_fragments/peak_based/fragments_cells_big_correct/cell_115001.bed
sample_A,cell_1e+05,/data/rds/DMP/UCEC/GENEVOD/ggandolfi/Github/ProCESS-scATAC/scripts/simulate_fragments/peak_based/fragments_cells_big_correct/cell_1e+05.bed
sample_A,cell_26624,/data/rds/DMP/UCEC/GENEVOD/ggandolfi/Github/ProCESS-scATAC/scripts/simulate_fragments/peak_based/fragments_cells_big_correct/cell_26624.bed
sample_A,cell_27692,/data/rds/DMP/UCEC/GENEVOD/ggandolfi/Github/ProCESS-scATAC/scripts/simulate_fragments/peak_based/fragments_cells_big_correct/cell_27692.bed
sample_A,cell_30571,/data/rds/DMP/UCEC/GENEVOD/ggandolfi/Github/ProCESS-scATAC/scripts/simulate_fragments/peak_based/fragments_cells_big_correct/cell_30571.bed
sample_A,cell_36937,/data/rds/DMP/UCEC/GENEVOD/ggandolfi/Github/ProCESS-scATAC/scripts/simulate_fragments/peak_based/fragments_cells_big_correct/cell_36937.bed
sample_A,cell_40084,/data/rds/DMP/UCEC/GENEVOD/ggandolfi/Github/ProCESS-scATAC/scripts/simulate_fragments/peak_based/fragments_cells_big_correct/cell_40084.bed
sample_A,cell_43430,/data/rds/DMP/UCEC/GENEVOD/ggandolfi/Github/ProCESS-scATAC/scripts/simulate_fragments/peak_based/fragments_cells_big_correct/cell_43430.bed
sample_A,cell_43614,/data/rds/DMP/UCEC/GENEVOD/ggandolfi/Github/ProCESS-scATAC/scripts/simulate_fragments/peak_based/fragments_cells_big_correct/cell_43614.bed
sample_A,cell_43742,/data/rds/DMP/UCEC/GENEVOD/ggandolfi/Github/ProCESS-scATAC/scripts/simulate_fragments/peak_based/fragments_cells_big_correct/cell_43742.bed
sample_A,cell_43957,/data/rds/DMP/UCEC/GENEVOD/ggandolfi/Github/ProCESS-scATAC/scripts/simulate_fragments/peak_based/fragments_cells_big_correct/cell_43957.bed
sample_A,cell_44404,/data/rds/DMP/UCEC/GENEVOD/ggandolfi/Github/ProCESS-scATAC/scripts/simulate_fragments/peak_based/fragments_cells_big_correct/cell_44404.bed
sample_A,cell_44469,/data/rds/DMP/UCEC/GENEVOD/ggandolfi/Github/ProCESS-scATAC/scripts/simulate_fragments/peak_based/fragments_cells_big_correct/cell_44469.bed
sample_A,cell_44845,/data/rds/DMP/UCEC/GENEVOD/ggandolfi/Github/ProCESS-scATAC/scripts/simulate_fragments/peak_based/fragments_cells_big_correct/cell_44845.bed
sample_A,cell_45919,/data/rds/DMP/UCEC/GENEVOD/ggandolfi/Github/ProCESS-scATAC/scripts/simulate_fragments/peak_based/fragments_cells_big_correct/cell_45919.bed
sample_A,cell_47490,/data/rds/DMP/UCEC/GENEVOD/ggandolfi/Github/ProCESS-scATAC/scripts/simulate_fragments/peak_based/fragments_cells_big_correct/cell_47490.bed
sample_A,cell_48794,/data/rds/DMP/UCEC/GENEVOD/ggandolfi/Github/ProCESS-scATAC/scripts/simulate_fragments/peak_based/fragments_cells_big_correct/cell_48794.bed
sample_A,cell_49281,/data/rds/DMP/UCEC/GENEVOD/ggandolfi/Github/ProCESS-scATAC/scripts/simulate_fragments/peak_based/fragments_cells_big_correct/cell_49281.bed
sample_A,cell_49555,/data/rds/DMP/UCEC/GENEVOD/ggandolfi/Github/ProCESS-scATAC/scripts/simulate_fragments/peak_based/fragments_cells_big_correct/cell_49555.bed
sample_A,cell_50157,/data/rds/DMP/UCEC/GENEVOD/ggandolfi/Github/ProCESS-scATAC/scripts/simulate_fragments/peak_based/fragments_cells_big_correct/cell_50157.bed
sample_A,cell_51329,/data/rds/DMP/UCEC/GENEVOD/ggandolfi/Github/ProCESS-scATAC/scripts/simulate_fragments/peak_based/fragments_cells_big_correct/cell_51329.bed
sample_A,cell_51862,/data/rds/DMP/UCEC/GENEVOD/ggandolfi/Github/ProCESS-scATAC/scripts/simulate_fragments/peak_based/fragments_cells_big_correct/cell_51862.bed
sample_A,cell_52036,/data/rds/DMP/UCEC/GENEVOD/ggandolfi/Github/ProCESS-scATAC/scripts/simulate_fragments/peak_based/fragments_cells_big_correct/cell_52036.bed
sample_A,cell_52356,/data/rds/DMP/UCEC/GENEVOD/ggandolfi/Github/ProCESS-scATAC/scripts/simulate_fragments/peak_based/fragments_cells_big_correct/cell_52356.bed
sample_A,cell_53061,/data/rds/DMP/UCEC/GENEVOD/ggandolfi/Github/ProCESS-scATAC/scripts/simulate_fragments/peak_based/fragments_cells_big_correct/cell_53061.bed
sample_A,cell_53267,/data/rds/DMP/UCEC/GENEVOD/ggandolfi/Github/ProCESS-scATAC/scripts/simulate_fragments/peak_based/fragments_cells_big_correct/cell_53267.bed
sample_A,cell_54105,/data/rds/DMP/UCEC/GENEVOD/ggandolfi/Github/ProCESS-scATAC/scripts/simulate_fragments/peak_based/fragments_cells_big_correct/cell_54105.bed
sample_A,cell_54144,/data/rds/DMP/UCEC/GENEVOD/ggandolfi/Github/ProCESS-scATAC/scripts/simulate_fragments/peak_based/fragments_cells_big_correct/cell_54144.bed
sample_A,cell_54640,/data/rds/DMP/UCEC/GENEVOD/ggandolfi/Github/ProCESS-scATAC/scripts/simulate_fragments/peak_based/fragments_cells_big_correct/cell_54640.bed
sample_A,cell_54962,/data/rds/DMP/UCEC/GENEVOD/ggandolfi/Github/ProCESS-scATAC/scripts/simulate_fragments/peak_based/fragments_cells_big_correct/cell_54962.bed
sample_A,cell_55448,/data/rds/DMP/UCEC/GENEVOD/ggandolfi/Github/ProCESS-scATAC/scripts/simulate_fragments/peak_based/fragments_cells_big_correct/cell_55448.bed
sample_A,cell_56468,/data/rds/DMP/UCEC/GENEVOD/ggandolfi/Github/ProCESS-scATAC/scripts/simulate_fragments/peak_based/fragments_cells_big_correct/cell_56468.bed
sample_A,cell_56629,/data/rds/DMP/UCEC/GENEVOD/ggandolfi/Github/ProCESS-scATAC/scripts/simulate_fragments/peak_based/fragments_cells_big_correct/cell_56629.bed
sample_A,cell_56772,/data/rds/DMP/UCEC/GENEVOD/ggandolfi/Github/ProCESS-scATAC/scripts/simulate_fragments/peak_based/fragments_cells_big_correct/cell_56772.bed
sample_A,cell_57532,/data/rds/DMP/UCEC/GENEVOD/ggandolfi/Github/ProCESS-scATAC/scripts/simulate_fragments/peak_based/fragments_cells_big_correct/cell_57532.bed
sample_A,cell_57772,/data/rds/DMP/UCEC/GENEVOD/ggandolfi/Github/ProCESS-scATAC/scripts/simulate_fragments/peak_based/fragments_cells_big_correct/cell_57772.bed
sample_A,cell_57785,/data/rds/DMP/UCEC/GENEVOD/ggandolfi/Github/ProCESS-scATAC/scripts/simulate_fragments/peak_based/fragments_cells_big_correct/cell_57785.bed
sample_A,cell_58087,/data/rds/DMP/UCEC/GENEVOD/ggandolfi/Github/ProCESS-scATAC/scripts/simulate_fragments/peak_based/fragments_cells_big_correct/cell_58087.bed
sample_A,cell_58344,/data/rds/DMP/UCEC/GENEVOD/ggandolfi/Github/ProCESS-scATAC/scripts/simulate_fragments/peak_based/fragments_cells_big_correct/cell_58344.bed
sample_A,cell_58345,/data/rds/DMP/UCEC/GENEVOD/ggandolfi/Github/ProCESS-scATAC/scripts/simulate_fragments/peak_based/fragments_cells_big_correct/cell_58345.bed
sample_A,cell_58352,/data/rds/DMP/UCEC/GENEVOD/ggandolfi/Github/ProCESS-scATAC/scripts/simulate_fragments/peak_based/fragments_cells_big_correct/cell_58352.bed
sample_A,cell_58358,/data/rds/DMP/UCEC/GENEVOD/ggandolfi/Github/ProCESS-scATAC/scripts/simulate_fragments/peak_based/fragments_cells_big_correct/cell_58358.bed
sample_A,cell_58723,/data/rds/DMP/UCEC/GENEVOD/ggandolfi/Github/ProCESS-scATAC/scripts/simulate_fragments/peak_based/fragments_cells_big_correct/cell_58723.bed
sample_A,cell_59532,/data/rds/DMP/UCEC/GENEVOD/ggandolfi/Github/ProCESS-scATAC/scripts/simulate_fragments/peak_based/fragments_cells_big_correct/cell_59532.bed
sample_A,cell_59966,/data/rds/DMP/UCEC/GENEVOD/ggandolfi/Github/ProCESS-scATAC/scripts/simulate_fragments/peak_based/fragments_cells_big_correct/cell_59966.bed
sample_A,cell_60582,/data/rds/DMP/UCEC/GENEVOD/ggandolfi/Github/ProCESS-scATAC/scripts/simulate_fragments/peak_based/fragments_cells_big_correct/cell_60582.bed
sample_A,cell_60613,/data/rds/DMP/UCEC/GENEVOD/ggandolfi/Github/ProCESS-scATAC/scripts/simulate_fragments/peak_based/fragments_cells_big_correct/cell_60613.bed
sample_A,cell_60749,/data/rds/DMP/UCEC/GENEVOD/ggandolfi/Github/ProCESS-scATAC/scripts/simulate_fragments/peak_based/fragments_cells_big_correct/cell_60749.bed
sample_A,cell_60933,/data/rds/DMP/UCEC/GENEVOD/ggandolfi/Github/ProCESS-scATAC/scripts/simulate_fragments/peak_based/fragments_cells_big_correct/cell_60933.bed
sample_A,cell_60974,/data/rds/DMP/UCEC/GENEVOD/ggandolfi/Github/ProCESS-scATAC/scripts/simulate_fragments/peak_based/fragments_cells_big_correct/cell_60974.bed
sample_A,cell_60975,/data/rds/DMP/UCEC/GENEVOD/ggandolfi/Github/ProCESS-scATAC/scripts/simulate_fragments/peak_based/fragments_cells_big_correct/cell_60975.bed
sample_A,cell_61148,/data/rds/DMP/UCEC/GENEVOD/ggandolfi/Github/ProCESS-scATAC/scripts/simulate_fragments/peak_based/fragments_cells_big_correct/cell_61148.bed
sample_A,cell_61814,/data/rds/DMP/UCEC/GENEVOD/ggandolfi/Github/ProCESS-scATAC/scripts/simulate_fragments/peak_based/fragments_cells_big_correct/cell_61814.bed
sample_A,cell_62366,/data/rds/DMP/UCEC/GENEVOD/ggandolfi/Github/ProCESS-scATAC/scripts/simulate_fragments/peak_based/fragments_cells_big_correct/cell_62366.bed
sample_A,cell_62792,/data/rds/DMP/UCEC/GENEVOD/ggandolfi/Github/ProCESS-scATAC/scripts/simulate_fragments/peak_based/fragments_cells_big_correct/cell_62792.bed
sample_A,cell_63059,/data/rds/DMP/UCEC/GENEVOD/ggandolfi/Github/ProCESS-scATAC/scripts/simulate_fragments/peak_based/fragments_cells_big_correct/cell_63059.bed
sample_A,cell_63343,/data/rds/DMP/UCEC/GENEVOD/ggandolfi/Github/ProCESS-scATAC/scripts/simulate_fragments/peak_based/fragments_cells_big_correct/cell_63343.bed
sample_A,cell_63501,/data/rds/DMP/UCEC/GENEVOD/ggandolfi/Github/ProCESS-scATAC/scripts/simulate_fragments/peak_based/fragments_cells_big_correct/cell_63501.bed
sample_A,cell_63883,/data/rds/DMP/UCEC/GENEVOD/ggandolfi/Github/ProCESS-scATAC/scripts/simulate_fragments/peak_based/fragments_cells_big_correct/cell_63883.bed
sample_A,cell_64073,/data/rds/DMP/UCEC/GENEVOD/ggandolfi/Github/ProCESS-scATAC/scripts/simulate_fragments/peak_based/fragments_cells_big_correct/cell_64073.bed
sample_A,cell_64512,/data/rds/DMP/UCEC/GENEVOD/ggandolfi/Github/ProCESS-scATAC/scripts/simulate_fragments/peak_based/fragments_cells_big_correct/cell_64512.bed
sample_A,cell_65054,/data/rds/DMP/UCEC/GENEVOD/ggandolfi/Github/ProCESS-scATAC/scripts/simulate_fragments/peak_based/fragments_cells_big_correct/cell_65054.bed
sample_A,cell_65105,/data/rds/DMP/UCEC/GENEVOD/ggandolfi/Github/ProCESS-scATAC/scripts/simulate_fragments/peak_based/fragments_cells_big_correct/cell_65105.bed
sample_A,cell_65179,/data/rds/DMP/UCEC/GENEVOD/ggandolfi/Github/ProCESS-scATAC/scripts/simulate_fragments/peak_based/fragments_cells_big_correct/cell_65179.bed
sample_A,cell_65325,/data/rds/DMP/UCEC/GENEVOD/ggandolfi/Github/ProCESS-scATAC/scripts/simulate_fragments/peak_based/fragments_cells_big_correct/cell_65325.bed
sample_A,cell_65712,/data/rds/DMP/UCEC/GENEVOD/ggandolfi/Github/ProCESS-scATAC/scripts/simulate_fragments/peak_based/fragments_cells_big_correct/cell_65712.bed
sample_A,cell_66140,/data/rds/DMP/UCEC/GENEVOD/ggandolfi/Github/ProCESS-scATAC/scripts/simulate_fragments/peak_based/fragments_cells_big_correct/cell_66140.bed
sample_A,cell_66205,/data/rds/DMP/UCEC/GENEVOD/ggandolfi/Github/ProCESS-scATAC/scripts/simulate_fragments/peak_based/fragments_cells_big_correct/cell_66205.bed
sample_A,cell_66510,/data/rds/DMP/UCEC/GENEVOD/ggandolfi/Github/ProCESS-scATAC/scripts/simulate_fragments/peak_based/fragments_cells_big_correct/cell_66510.bed
sample_A,cell_66555,/data/rds/DMP/UCEC/GENEVOD/ggandolfi/Github/ProCESS-scATAC/scripts/simulate_fragments/peak_based/fragments_cells_big_correct/cell_66555.bed
sample_A,cell_66741,/data/rds/DMP/UCEC/GENEVOD/ggandolfi/Github/ProCESS-scATAC/scripts/simulate_fragments/peak_based/fragments_cells_big_correct/cell_66741.bed
sample_A,cell_67016,/data/rds/DMP/UCEC/GENEVOD/ggandolfi/Github/ProCESS-scATAC/scripts/simulate_fragments/peak_based/fragments_cells_big_correct/cell_67016.bed
sample_A,cell_67025,/data/rds/DMP/UCEC/GENEVOD/ggandolfi/Github/ProCESS-scATAC/scripts/simulate_fragments/peak_based/fragments_cells_big_correct/cell_67025.bed
sample_A,cell_67118,/data/rds/DMP/UCEC/GENEVOD/ggandolfi/Github/ProCESS-scATAC/scripts/simulate_fragments/peak_based/fragments_cells_big_correct/cell_67118.bed
sample_A,cell_67164,/data/rds/DMP/UCEC/GENEVOD/ggandolfi/Github/ProCESS-scATAC/scripts/simulate_fragments/peak_based/fragments_cells_big_correct/cell_67164.bed
sample_A,cell_67614,/data/rds/DMP/UCEC/GENEVOD/ggandolfi/Github/ProCESS-scATAC/scripts/simulate_fragments/peak_based/fragments_cells_big_correct/cell_67614.bed
sample_A,cell_67615,/data/rds/DMP/UCEC/GENEVOD/ggandolfi/Github/ProCESS-scATAC/scripts/simulate_fragments/peak_based/fragments_cells_big_correct/cell_67615.bed
sample_A,cell_67855,/data/rds/DMP/UCEC/GENEVOD/ggandolfi/Github/ProCESS-scATAC/scripts/simulate_fragments/peak_based/fragments_cells_big_correct/cell_67855.bed
sample_A,cell_67954,/data/rds/DMP/UCEC/GENEVOD/ggandolfi/Github/ProCESS-scATAC/scripts/simulate_fragments/peak_based/fragments_cells_big_correct/cell_67954.bed
sample_A,cell_68005,/data/rds/DMP/UCEC/GENEVOD/ggandolfi/Github/ProCESS-scATAC/scripts/simulate_fragments/peak_based/fragments_cells_big_correct/cell_68005.bed
sample_A,cell_68179,/data/rds/DMP/UCEC/GENEVOD/ggandolfi/Github/ProCESS-scATAC/scripts/simulate_fragments/peak_based/fragments_cells_big_correct/cell_68179.bed
sample_A,cell_68561,/data/rds/DMP/UCEC/GENEVOD/ggandolfi/Github/ProCESS-scATAC/scripts/simulate_fragments/peak_based/fragments_cells_big_correct/cell_68561.bed
sample_A,cell_68606,/data/rds/DMP/UCEC/GENEVOD/ggandolfi/Github/ProCESS-scATAC/scripts/simulate_fragments/peak_based/fragments_cells_big_correct/cell_68606.bed
sample_A,cell_68607,/data/rds/DMP/UCEC/GENEVOD/ggandolfi/Github/ProCESS-scATAC/scripts/simulate_fragments/peak_based/fragments_cells_big_correct/cell_68607.bed
sample_A,cell_68849,/data/rds/DMP/UCEC/GENEVOD/ggandolfi/Github/ProCESS-scATAC/scripts/simulate_fragments/peak_based/fragments_cells_big_correct/cell_68849.bed
sample_A,cell_68959,/data/rds/DMP/UCEC/GENEVOD/ggandolfi/Github/ProCESS-scATAC/scripts/simulate_fragments/peak_based/fragments_cells_big_correct/cell_68959.bed
sample_A,cell_69255,/data/rds/DMP/UCEC/GENEVOD/ggandolfi/Github/ProCESS-scATAC/scripts/simulate_fragments/peak_based/fragments_cells_big_correct/cell_69255.bed
sample_A,cell_69416,/data/rds/DMP/UCEC/GENEVOD/ggandolfi/Github/ProCESS-scATAC/scripts/simulate_fragments/peak_based/fragments_cells_big_correct/cell_69416.bed
sample_A,cell_69440,/data/rds/DMP/UCEC/GENEVOD/ggandolfi/Github/ProCESS-scATAC/scripts/simulate_fragments/peak_based/fragments_cells_big_correct/cell_69440.bed
sample_A,cell_69577,/data/rds/DMP/UCEC/GENEVOD/ggandolfi/Github/ProCESS-scATAC/scripts/simulate_fragments/peak_based/fragments_cells_big_correct/cell_69577.bed
sample_A,cell_69672,/data/rds/DMP/UCEC/GENEVOD/ggandolfi/Github/ProCESS-scATAC/scripts/simulate_fragments/peak_based/fragments_cells_big_correct/cell_69672.bed
sample_A,cell_69718,/data/rds/DMP/UCEC/GENEVOD/ggandolfi/Github/ProCESS-scATAC/scripts/simulate_fragments/peak_based/fragments_cells_big_correct/cell_69718.bed
sample_A,cell_69898,/data/rds/DMP/UCEC/GENEVOD/ggandolfi/Github/ProCESS-scATAC/scripts/simulate_fragments/peak_based/fragments_cells_big_correct/cell_69898.bed
sample_A,cell_69899,/data/rds/DMP/UCEC/GENEVOD/ggandolfi/Github/ProCESS-scATAC/scripts/simulate_fragments/peak_based/fragments_cells_big_correct/cell_69899.bed
sample_A,cell_70086,/data/rds/DMP/UCEC/GENEVOD/ggandolfi/Github/ProCESS-scATAC/scripts/simulate_fragments/peak_based/fragments_cells_big_correct/cell_70086.bed
sample_A,cell_70121,/data/rds/DMP/UCEC/GENEVOD/ggandolfi/Github/ProCESS-scATAC/scripts/simulate_fragments/peak_based/fragments_cells_big_correct/cell_70121.bed
sample_A,cell_70158,/data/rds/DMP/UCEC/GENEVOD/ggandolfi/Github/ProCESS-scATAC/scripts/simulate_fragments/peak_based/fragments_cells_big_correct/cell_70158.bed
sample_A,cell_70388,/data/rds/DMP/UCEC/GENEVOD/ggandolfi/Github/ProCESS-scATAC/scripts/simulate_fragments/peak_based/fragments_cells_big_correct/cell_70388.bed
sample_A,cell_70389,/data/rds/DMP/UCEC/GENEVOD/ggandolfi/Github/ProCESS-scATAC/scripts/simulate_fragments/peak_based/fragments_cells_big_correct/cell_70389.bed
sample_A,cell_70576,/data/rds/DMP/UCEC/GENEVOD/ggandolfi/Github/ProCESS-scATAC/scripts/simulate_fragments/peak_based/fragments_cells_big_correct/cell_70576.bed
sample_A,cell_70938,/data/rds/DMP/UCEC/GENEVOD/ggandolfi/Github/ProCESS-scATAC/scripts/simulate_fragments/peak_based/fragments_cells_big_correct/cell_70938.bed
sample_A,cell_71096,/data/rds/DMP/UCEC/GENEVOD/ggandolfi/Github/ProCESS-scATAC/scripts/simulate_fragments/peak_based/fragments_cells_big_correct/cell_71096.bed
sample_A,cell_71105,/data/rds/DMP/UCEC/GENEVOD/ggandolfi/Github/ProCESS-scATAC/scripts/simulate_fragments/peak_based/fragments_cells_big_correct/cell_71105.bed
sample_A,cell_71149,/data/rds/DMP/UCEC/GENEVOD/ggandolfi/Github/ProCESS-scATAC/scripts/simulate_fragments/peak_based/fragments_cells_big_correct/cell_71149.bed
sample_A,cell_71618,/data/rds/DMP/UCEC/GENEVOD/ggandolfi/Github/ProCESS-scATAC/scripts/simulate_fragments/peak_based/fragments_cells_big_correct/cell_71618.bed
sample_A,cell_71929,/data/rds/DMP/UCEC/GENEVOD/ggandolfi/Github/ProCESS-scATAC/scripts/simulate_fragments/peak_based/fragments_cells_big_correct/cell_71929.bed
sample_A,cell_72063,/data/rds/DMP/UCEC/GENEVOD/ggandolfi/Github/ProCESS-scATAC/scripts/simulate_fragments/peak_based/fragments_cells_big_correct/cell_72063.bed
sample_A,cell_72077,/data/rds/DMP/UCEC/GENEVOD/ggandolfi/Github/ProCESS-scATAC/scripts/simulate_fragments/peak_based/fragments_cells_big_correct/cell_72077.bed
sample_A,cell_72270,/data/rds/DMP/UCEC/GENEVOD/ggandolfi/Github/ProCESS-scATAC/scripts/simulate_fragments/peak_based/fragments_cells_big_correct/cell_72270.bed
sample_A,cell_72332,/data/rds/DMP/UCEC/GENEVOD/ggandolfi/Github/ProCESS-scATAC/scripts/simulate_fragments/peak_based/fragments_cells_big_correct/cell_72332.bed
sample_A,cell_72509,/data/rds/DMP/UCEC/GENEVOD/ggandolfi/Github/ProCESS-scATAC/scripts/simulate_fragments/peak_based/fragments_cells_big_correct/cell_72509.bed
sample_A,cell_73436,/data/rds/DMP/UCEC/GENEVOD/ggandolfi/Github/ProCESS-scATAC/scripts/simulate_fragments/peak_based/fragments_cells_big_correct/cell_73436.bed
sample_A,cell_73437,/data/rds/DMP/UCEC/GENEVOD/ggandolfi/Github/ProCESS-scATAC/scripts/simulate_fragments/peak_based/fragments_cells_big_correct/cell_73437.bed
sample_A,cell_73454,/data/rds/DMP/UCEC/GENEVOD/ggandolfi/Github/ProCESS-scATAC/scripts/simulate_fragments/peak_based/fragments_cells_big_correct/cell_73454.bed
sample_A,cell_73455,/data/rds/DMP/UCEC/GENEVOD/ggandolfi/Github/ProCESS-scATAC/scripts/simulate_fragments/peak_based/fragments_cells_big_correct/cell_73455.bed
sample_A,cell_73622,/data/rds/DMP/UCEC/GENEVOD/ggandolfi/Github/ProCESS-scATAC/scripts/simulate_fragments/peak_based/fragments_cells_big_correct/cell_73622.bed
sample_A,cell_73795,/data/rds/DMP/UCEC/GENEVOD/ggandolfi/Github/ProCESS-scATAC/scripts/simulate_fragments/peak_based/fragments_cells_big_correct/cell_73795.bed
sample_A,cell_74117,/data/rds/DMP/UCEC/GENEVOD/ggandolfi/Github/ProCESS-scATAC/scripts/simulate_fragments/peak_based/fragments_cells_big_correct/cell_74117.bed
sample_A,cell_74433,/data/rds/DMP/UCEC/GENEVOD/ggandolfi/Github/ProCESS-scATAC/scripts/simulate_fragments/peak_based/fragments_cells_big_correct/cell_74433.bed
sample_A,cell_74612,/data/rds/DMP/UCEC/GENEVOD/ggandolfi/Github/ProCESS-scATAC/scripts/simulate_fragments/peak_based/fragments_cells_big_correct/cell_74612.bed
sample_A,cell_75165,/data/rds/DMP/UCEC/GENEVOD/ggandolfi/Github/ProCESS-scATAC/scripts/simulate_fragments/peak_based/fragments_cells_big_correct/cell_75165.bed
sample_A,cell_75176,/data/rds/DMP/UCEC/GENEVOD/ggandolfi/Github/ProCESS-scATAC/scripts/simulate_fragments/peak_based/fragments_cells_big_correct/cell_75176.bed
sample_A,cell_75756,/data/rds/DMP/UCEC/GENEVOD/ggandolfi/Github/ProCESS-scATAC/scripts/simulate_fragments/peak_based/fragments_cells_big_correct/cell_75756.bed
sample_A,cell_76008,/data/rds/DMP/UCEC/GENEVOD/ggandolfi/Github/ProCESS-scATAC/scripts/simulate_fragments/peak_based/fragments_cells_big_correct/cell_76008.bed
sample_A,cell_76207,/data/rds/DMP/UCEC/GENEVOD/ggandolfi/Github/ProCESS-scATAC/scripts/simulate_fragments/peak_based/fragments_cells_big_correct/cell_76207.bed
sample_A,cell_76266,/data/rds/DMP/UCEC/GENEVOD/ggandolfi/Github/ProCESS-scATAC/scripts/simulate_fragments/peak_based/fragments_cells_big_correct/cell_76266.bed
sample_A,cell_76337,/data/rds/DMP/UCEC/GENEVOD/ggandolfi/Github/ProCESS-scATAC/scripts/simulate_fragments/peak_based/fragments_cells_big_correct/cell_76337.bed
sample_A,cell_76426,/data/rds/DMP/UCEC/GENEVOD/ggandolfi/Github/ProCESS-scATAC/scripts/simulate_fragments/peak_based/fragments_cells_big_correct/cell_76426.bed
sample_A,cell_76586,/data/rds/DMP/UCEC/GENEVOD/ggandolfi/Github/ProCESS-scATAC/scripts/simulate_fragments/peak_based/fragments_cells_big_correct/cell_76586.bed
sample_A,cell_76733,/data/rds/DMP/UCEC/GENEVOD/ggandolfi/Github/ProCESS-scATAC/scripts/simulate_fragments/peak_based/fragments_cells_big_correct/cell_76733.bed
sample_A,cell_76751,/data/rds/DMP/UCEC/GENEVOD/ggandolfi/Github/ProCESS-scATAC/scripts/simulate_fragments/peak_based/fragments_cells_big_correct/cell_76751.bed
sample_A,cell_76910,/data/rds/DMP/UCEC/GENEVOD/ggandolfi/Github/ProCESS-scATAC/scripts/simulate_fragments/peak_based/fragments_cells_big_correct/cell_76910.bed
sample_A,cell_76914,/data/rds/DMP/UCEC/GENEVOD/ggandolfi/Github/ProCESS-scATAC/scripts/simulate_fragments/peak_based/fragments_cells_big_correct/cell_76914.bed
sample_A,cell_77260,/data/rds/DMP/UCEC/GENEVOD/ggandolfi/Github/ProCESS-scATAC/scripts/simulate_fragments/peak_based/fragments_cells_big_correct/cell_77260.bed
sample_A,cell_77292,/data/rds/DMP/UCEC/GENEVOD/ggandolfi/Github/ProCESS-scATAC/scripts/simulate_fragments/peak_based/fragments_cells_big_correct/cell_77292.bed
sample_A,cell_77866,/data/rds/DMP/UCEC/GENEVOD/ggandolfi/Github/ProCESS-scATAC/scripts/simulate_fragments/peak_based/fragments_cells_big_correct/cell_77866.bed
sample_A,cell_77867,/data/rds/DMP/UCEC/GENEVOD/ggandolfi/Github/ProCESS-scATAC/scripts/simulate_fragments/peak_based/fragments_cells_big_correct/cell_77867.bed
sample_A,cell_77966,/data/rds/DMP/UCEC/GENEVOD/ggandolfi/Github/ProCESS-scATAC/scripts/simulate_fragments/peak_based/fragments_cells_big_correct/cell_77966.bed
sample_A,cell_78082,/data/rds/DMP/UCEC/GENEVOD/ggandolfi/Github/ProCESS-scATAC/scripts/simulate_fragments/peak_based/fragments_cells_big_correct/cell_78082.bed
sample_A,cell_78208,/data/rds/DMP/UCEC/GENEVOD/ggandolfi/Github/ProCESS-scATAC/scripts/simulate_fragments/peak_based/fragments_cells_big_correct/cell_78208.bed
sample_A,cell_78688,/data/rds/DMP/UCEC/GENEVOD/ggandolfi/Github/ProCESS-scATAC/scripts/simulate_fragments/peak_based/fragments_cells_big_correct/cell_78688.bed
sample_A,cell_78888,/data/rds/DMP/UCEC/GENEVOD/ggandolfi/Github/ProCESS-scATAC/scripts/simulate_fragments/peak_based/fragments_cells_big_correct/cell_78888.bed
sample_A,cell_78889,/data/rds/DMP/UCEC/GENEVOD/ggandolfi/Github/ProCESS-scATAC/scripts/simulate_fragments/peak_based/fragments_cells_big_correct/cell_78889.bed
sample_A,cell_79142,/data/rds/DMP/UCEC/GENEVOD/ggandolfi/Github/ProCESS-scATAC/scripts/simulate_fragments/peak_based/fragments_cells_big_correct/cell_79142.bed
sample_A,cell_79567,/data/rds/DMP/UCEC/GENEVOD/ggandolfi/Github/ProCESS-scATAC/scripts/simulate_fragments/peak_based/fragments_cells_big_correct/cell_79567.bed
sample_A,cell_79608,/data/rds/DMP/UCEC/GENEVOD/ggandolfi/Github/ProCESS-scATAC/scripts/simulate_fragments/peak_based/fragments_cells_big_correct/cell_79608.bed
sample_A,cell_79616,/data/rds/DMP/UCEC/GENEVOD/ggandolfi/Github/ProCESS-scATAC/scripts/simulate_fragments/peak_based/fragments_cells_big_correct/cell_79616.bed
sample_A,cell_79620,/data/rds/DMP/UCEC/GENEVOD/ggandolfi/Github/ProCESS-scATAC/scripts/simulate_fragments/peak_based/fragments_cells_big_correct/cell_79620.bed
sample_A,cell_79621,/data/rds/DMP/UCEC/GENEVOD/ggandolfi/Github/ProCESS-scATAC/scripts/simulate_fragments/peak_based/fragments_cells_big_correct/cell_79621.bed
sample_A,cell_79678,/data/rds/DMP/UCEC/GENEVOD/ggandolfi/Github/ProCESS-scATAC/scripts/simulate_fragments/peak_based/fragments_cells_big_correct/cell_79678.bed
sample_A,cell_79679,/data/rds/DMP/UCEC/GENEVOD/ggandolfi/Github/ProCESS-scATAC/scripts/simulate_fragments/peak_based/fragments_cells_big_correct/cell_79679.bed
sample_A,cell_79747,/data/rds/DMP/UCEC/GENEVOD/ggandolfi/Github/ProCESS-scATAC/scripts/simulate_fragments/peak_based/fragments_cells_big_correct/cell_79747.bed
sample_A,cell_79886,/data/rds/DMP/UCEC/GENEVOD/ggandolfi/Github/ProCESS-scATAC/scripts/simulate_fragments/peak_based/fragments_cells_big_correct/cell_79886.bed
sample_A,cell_79932,/data/rds/DMP/UCEC/GENEVOD/ggandolfi/Github/ProCESS-scATAC/scripts/simulate_fragments/peak_based/fragments_cells_big_correct/cell_79932.bed
sample_A,cell_79933,/data/rds/DMP/UCEC/GENEVOD/ggandolfi/Github/ProCESS-scATAC/scripts/simulate_fragments/peak_based/fragments_cells_big_correct/cell_79933.bed
sample_A,cell_79952,/data/rds/DMP/UCEC/GENEVOD/ggandolfi/Github/ProCESS-scATAC/scripts/simulate_fragments/peak_based/fragments_cells_big_correct/cell_79952.bed
sample_A,cell_80074,/data/rds/DMP/UCEC/GENEVOD/ggandolfi/Github/ProCESS-scATAC/scripts/simulate_fragments/peak_based/fragments_cells_big_correct/cell_80074.bed
sample_A,cell_80256,/data/rds/DMP/UCEC/GENEVOD/ggandolfi/Github/ProCESS-scATAC/scripts/simulate_fragments/peak_based/fragments_cells_big_correct/cell_80256.bed
sample_A,cell_80330,/data/rds/DMP/UCEC/GENEVOD/ggandolfi/Github/ProCESS-scATAC/scripts/simulate_fragments/peak_based/fragments_cells_big_correct/cell_80330.bed
sample_A,cell_80484,/data/rds/DMP/UCEC/GENEVOD/ggandolfi/Github/ProCESS-scATAC/scripts/simulate_fragments/peak_based/fragments_cells_big_correct/cell_80484.bed
sample_A,cell_80494,/data/rds/DMP/UCEC/GENEVOD/ggandolfi/Github/ProCESS-scATAC/scripts/simulate_fragments/peak_based/fragments_cells_big_correct/cell_80494.bed
sample_A,cell_80544,/data/rds/DMP/UCEC/GENEVOD/ggandolfi/Github/ProCESS-scATAC/scripts/simulate_fragments/peak_based/fragments_cells_big_correct/cell_80544.bed
sample_A,cell_80545,/data/rds/DMP/UCEC/GENEVOD/ggandolfi/Github/ProCESS-scATAC/scripts/simulate_fragments/peak_based/fragments_cells_big_correct/cell_80545.bed
sample_A,cell_80638,/data/rds/DMP/UCEC/GENEVOD/ggandolfi/Github/ProCESS-scATAC/scripts/simulate_fragments/peak_based/fragments_cells_big_correct/cell_80638.bed
sample_A,cell_80639,/data/rds/DMP/UCEC/GENEVOD/ggandolfi/Github/ProCESS-scATAC/scripts/simulate_fragments/peak_based/fragments_cells_big_correct/cell_80639.bed
sample_A,cell_80640,/data/rds/DMP/UCEC/GENEVOD/ggandolfi/Github/ProCESS-scATAC/scripts/simulate_fragments/peak_based/fragments_cells_big_correct/cell_80640.bed
sample_A,cell_80900,/data/rds/DMP/UCEC/GENEVOD/ggandolfi/Github/ProCESS-scATAC/scripts/simulate_fragments/peak_based/fragments_cells_big_correct/cell_80900.bed
sample_A,cell_81017,/data/rds/DMP/UCEC/GENEVOD/ggandolfi/Github/ProCESS-scATAC/scripts/simulate_fragments/peak_based/fragments_cells_big_correct/cell_81017.bed
sample_A,cell_81033,/data/rds/DMP/UCEC/GENEVOD/ggandolfi/Github/ProCESS-scATAC/scripts/simulate_fragments/peak_based/fragments_cells_big_correct/cell_81033.bed
sample_A,cell_81246,/data/rds/DMP/UCEC/GENEVOD/ggandolfi/Github/ProCESS-scATAC/scripts/simulate_fragments/peak_based/fragments_cells_big_correct/cell_81246.bed
sample_A,cell_81300,/data/rds/DMP/UCEC/GENEVOD/ggandolfi/Github/ProCESS-scATAC/scripts/simulate_fragments/peak_based/fragments_cells_big_correct/cell_81300.bed
sample_A,cell_81393,/data/rds/DMP/UCEC/GENEVOD/ggandolfi/Github/ProCESS-scATAC/scripts/simulate_fragments/peak_based/fragments_cells_big_correct/cell_81393.bed
sample_A,cell_81438,/data/rds/DMP/UCEC/GENEVOD/ggandolfi/Github/ProCESS-scATAC/scripts/simulate_fragments/peak_based/fragments_cells_big_correct/cell_81438.bed
sample_A,cell_81439,/data/rds/DMP/UCEC/GENEVOD/ggandolfi/Github/ProCESS-scATAC/scripts/simulate_fragments/peak_based/fragments_cells_big_correct/cell_81439.bed
sample_A,cell_81506,/data/rds/DMP/UCEC/GENEVOD/ggandolfi/Github/ProCESS-scATAC/scripts/simulate_fragments/peak_based/fragments_cells_big_correct/cell_81506.bed
sample_A,cell_81528,/data/rds/DMP/UCEC/GENEVOD/ggandolfi/Github/ProCESS-scATAC/scripts/simulate_fragments/peak_based/fragments_cells_big_correct/cell_81528.bed
sample_A,cell_81603,/data/rds/DMP/UCEC/GENEVOD/ggandolfi/Github/ProCESS-scATAC/scripts/simulate_fragments/peak_based/fragments_cells_big_correct/cell_81603.bed
sample_A,cell_81800,/data/rds/DMP/UCEC/GENEVOD/ggandolfi/Github/ProCESS-scATAC/scripts/simulate_fragments/peak_based/fragments_cells_big_correct/cell_81800.bed
sample_A,cell_81862,/data/rds/DMP/UCEC/GENEVOD/ggandolfi/Github/ProCESS-scATAC/scripts/simulate_fragments/peak_based/fragments_cells_big_correct/cell_81862.bed
sample_A,cell_82019,/data/rds/DMP/UCEC/GENEVOD/ggandolfi/Github/ProCESS-scATAC/scripts/simulate_fragments/peak_based/fragments_cells_big_correct/cell_82019.bed
sample_A,cell_82214,/data/rds/DMP/UCEC/GENEVOD/ggandolfi/Github/ProCESS-scATAC/scripts/simulate_fragments/peak_based/fragments_cells_big_correct/cell_82214.bed
sample_A,cell_82302,/data/rds/DMP/UCEC/GENEVOD/ggandolfi/Github/ProCESS-scATAC/scripts/simulate_fragments/peak_based/fragments_cells_big_correct/cell_82302.bed
sample_A,cell_82304,/data/rds/DMP/UCEC/GENEVOD/ggandolfi/Github/ProCESS-scATAC/scripts/simulate_fragments/peak_based/fragments_cells_big_correct/cell_82304.bed
sample_A,cell_82404,/data/rds/DMP/UCEC/GENEVOD/ggandolfi/Github/ProCESS-scATAC/scripts/simulate_fragments/peak_based/fragments_cells_big_correct/cell_82404.bed
sample_A,cell_82432,/data/rds/DMP/UCEC/GENEVOD/ggandolfi/Github/ProCESS-scATAC/scripts/simulate_fragments/peak_based/fragments_cells_big_correct/cell_82432.bed
sample_A,cell_82510,/data/rds/DMP/UCEC/GENEVOD/ggandolfi/Github/ProCESS-scATAC/scripts/simulate_fragments/peak_based/fragments_cells_big_correct/cell_82510.bed
sample_A,cell_82520,/data/rds/DMP/UCEC/GENEVOD/ggandolfi/Github/ProCESS-scATAC/scripts/simulate_fragments/peak_based/fragments_cells_big_correct/cell_82520.bed
sample_A,cell_82605,/data/rds/DMP/UCEC/GENEVOD/ggandolfi/Github/ProCESS-scATAC/scripts/simulate_fragments/peak_based/fragments_cells_big_correct/cell_82605.bed
sample_A,cell_82668,/data/rds/DMP/UCEC/GENEVOD/ggandolfi/Github/ProCESS-scATAC/scripts/simulate_fragments/peak_based/fragments_cells_big_correct/cell_82668.bed
sample_A,cell_82758,/data/rds/DMP/UCEC/GENEVOD/ggandolfi/Github/ProCESS-scATAC/scripts/simulate_fragments/peak_based/fragments_cells_big_correct/cell_82758.bed
sample_A,cell_82782,/data/rds/DMP/UCEC/GENEVOD/ggandolfi/Github/ProCESS-scATAC/scripts/simulate_fragments/peak_based/fragments_cells_big_correct/cell_82782.bed
sample_A,cell_82931,/data/rds/DMP/UCEC/GENEVOD/ggandolfi/Github/ProCESS-scATAC/scripts/simulate_fragments/peak_based/fragments_cells_big_correct/cell_82931.bed
sample_A,cell_83104,/data/rds/DMP/UCEC/GENEVOD/ggandolfi/Github/ProCESS-scATAC/scripts/simulate_fragments/peak_based/fragments_cells_big_correct/cell_83104.bed
sample_A,cell_83170,/data/rds/DMP/UCEC/GENEVOD/ggandolfi/Github/ProCESS-scATAC/scripts/simulate_fragments/peak_based/fragments_cells_big_correct/cell_83170.bed
sample_A,cell_83244,/data/rds/DMP/UCEC/GENEVOD/ggandolfi/Github/ProCESS-scATAC/scripts/simulate_fragments/peak_based/fragments_cells_big_correct/cell_83244.bed
sample_A,cell_83356,/data/rds/DMP/UCEC/GENEVOD/ggandolfi/Github/ProCESS-scATAC/scripts/simulate_fragments/peak_based/fragments_cells_big_correct/cell_83356.bed
sample_A,cell_83390,/data/rds/DMP/UCEC/GENEVOD/ggandolfi/Github/ProCESS-scATAC/scripts/simulate_fragments/peak_based/fragments_cells_big_correct/cell_83390.bed
sample_A,cell_83391,/data/rds/DMP/UCEC/GENEVOD/ggandolfi/Github/ProCESS-scATAC/scripts/simulate_fragments/peak_based/fragments_cells_big_correct/cell_83391.bed
sample_A,cell_83466,/data/rds/DMP/UCEC/GENEVOD/ggandolfi/Github/ProCESS-scATAC/scripts/simulate_fragments/peak_based/fragments_cells_big_correct/cell_83466.bed
sample_A,cell_83477,/data/rds/DMP/UCEC/GENEVOD/ggandolfi/Github/ProCESS-scATAC/scripts/simulate_fragments/peak_based/fragments_cells_big_correct/cell_83477.bed
sample_A,cell_83541,/data/rds/DMP/UCEC/GENEVOD/ggandolfi/Github/ProCESS-scATAC/scripts/simulate_fragments/peak_based/fragments_cells_big_correct/cell_83541.bed
sample_A,cell_83573,/data/rds/DMP/UCEC/GENEVOD/ggandolfi/Github/ProCESS-scATAC/scripts/simulate_fragments/peak_based/fragments_cells_big_correct/cell_83573.bed
sample_A,cell_83604,/data/rds/DMP/UCEC/GENEVOD/ggandolfi/Github/ProCESS-scATAC/scripts/simulate_fragments/peak_based/fragments_cells_big_correct/cell_83604.bed
sample_A,cell_83605,/data/rds/DMP/UCEC/GENEVOD/ggandolfi/Github/ProCESS-scATAC/scripts/simulate_fragments/peak_based/fragments_cells_big_correct/cell_83605.bed
sample_A,cell_83614,/data/rds/DMP/UCEC/GENEVOD/ggandolfi/Github/ProCESS-scATAC/scripts/simulate_fragments/peak_based/fragments_cells_big_correct/cell_83614.bed
sample_A,cell_83660,/data/rds/DMP/UCEC/GENEVOD/ggandolfi/Github/ProCESS-scATAC/scripts/simulate_fragments/peak_based/fragments_cells_big_correct/cell_83660.bed
sample_A,cell_83692,/data/rds/DMP/UCEC/GENEVOD/ggandolfi/Github/ProCESS-scATAC/scripts/simulate_fragments/peak_based/fragments_cells_big_correct/cell_83692.bed
sample_A,cell_83710,/data/rds/DMP/UCEC/GENEVOD/ggandolfi/Github/ProCESS-scATAC/scripts/simulate_fragments/peak_based/fragments_cells_big_correct/cell_83710.bed
sample_A,cell_83711,/data/rds/DMP/UCEC/GENEVOD/ggandolfi/Github/ProCESS-scATAC/scripts/simulate_fragments/peak_based/fragments_cells_big_correct/cell_83711.bed
sample_A,cell_83750,/data/rds/DMP/UCEC/GENEVOD/ggandolfi/Github/ProCESS-scATAC/scripts/simulate_fragments/peak_based/fragments_cells_big_correct/cell_83750.bed
sample_A,cell_83755,/data/rds/DMP/UCEC/GENEVOD/ggandolfi/Github/ProCESS-scATAC/scripts/simulate_fragments/peak_based/fragments_cells_big_correct/cell_83755.bed
sample_A,cell_83798,/data/rds/DMP/UCEC/GENEVOD/ggandolfi/Github/ProCESS-scATAC/scripts/simulate_fragments/peak_based/fragments_cells_big_correct/cell_83798.bed
sample_A,cell_83844,/data/rds/DMP/UCEC/GENEVOD/ggandolfi/Github/ProCESS-scATAC/scripts/simulate_fragments/peak_based/fragments_cells_big_correct/cell_83844.bed
sample_A,cell_84018,/data/rds/DMP/UCEC/GENEVOD/ggandolfi/Github/ProCESS-scATAC/scripts/simulate_fragments/peak_based/fragments_cells_big_correct/cell_84018.bed
sample_A,cell_84046,/data/rds/DMP/UCEC/GENEVOD/ggandolfi/Github/ProCESS-scATAC/scripts/simulate_fragments/peak_based/fragments_cells_big_correct/cell_84046.bed
sample_A,cell_84047,/data/rds/DMP/UCEC/GENEVOD/ggandolfi/Github/ProCESS-scATAC/scripts/simulate_fragments/peak_based/fragments_cells_big_correct/cell_84047.bed
sample_A,cell_84117,/data/rds/DMP/UCEC/GENEVOD/ggandolfi/Github/ProCESS-scATAC/scripts/simulate_fragments/peak_based/fragments_cells_big_correct/cell_84117.bed
sample_A,cell_84122,/data/rds/DMP/UCEC/GENEVOD/ggandolfi/Github/ProCESS-scATAC/scripts/simulate_fragments/peak_based/fragments_cells_big_correct/cell_84122.bed
sample_A,cell_84184,/data/rds/DMP/UCEC/GENEVOD/ggandolfi/Github/ProCESS-scATAC/scripts/simulate_fragments/peak_based/fragments_cells_big_correct/cell_84184.bed
sample_A,cell_84202,/data/rds/DMP/UCEC/GENEVOD/ggandolfi/Github/ProCESS-scATAC/scripts/simulate_fragments/peak_based/fragments_cells_big_correct/cell_84202.bed
sample_A,cell_84223,/data/rds/DMP/UCEC/GENEVOD/ggandolfi/Github/ProCESS-scATAC/scripts/simulate_fragments/peak_based/fragments_cells_big_correct/cell_84223.bed
sample_A,cell_84350,/data/rds/DMP/UCEC/GENEVOD/ggandolfi/Github/ProCESS-scATAC/scripts/simulate_fragments/peak_based/fragments_cells_big_correct/cell_84350.bed
sample_A,cell_84394,/data/rds/DMP/UCEC/GENEVOD/ggandolfi/Github/ProCESS-scATAC/scripts/simulate_fragments/peak_based/fragments_cells_big_correct/cell_84394.bed
sample_A,cell_84446,/data/rds/DMP/UCEC/GENEVOD/ggandolfi/Github/ProCESS-scATAC/scripts/simulate_fragments/peak_based/fragments_cells_big_correct/cell_84446.bed
sample_A,cell_84447,/data/rds/DMP/UCEC/GENEVOD/ggandolfi/Github/ProCESS-scATAC/scripts/simulate_fragments/peak_based/fragments_cells_big_correct/cell_84447.bed
sample_A,cell_84485,/data/rds/DMP/UCEC/GENEVOD/ggandolfi/Github/ProCESS-scATAC/scripts/simulate_fragments/peak_based/fragments_cells_big_correct/cell_84485.bed
sample_A,cell_84588,/data/rds/DMP/UCEC/GENEVOD/ggandolfi/Github/ProCESS-scATAC/scripts/simulate_fragments/peak_based/fragments_cells_big_correct/cell_84588.bed
sample_A,cell_84589,/data/rds/DMP/UCEC/GENEVOD/ggandolfi/Github/ProCESS-scATAC/scripts/simulate_fragments/peak_based/fragments_cells_big_correct/cell_84589.bed
sample_A,cell_84845,/data/rds/DMP/UCEC/GENEVOD/ggandolfi/Github/ProCESS-scATAC/scripts/simulate_fragments/peak_based/fragments_cells_big_correct/cell_84845.bed
sample_A,cell_85171,/data/rds/DMP/UCEC/GENEVOD/ggandolfi/Github/ProCESS-scATAC/scripts/simulate_fragments/peak_based/fragments_cells_big_correct/cell_85171.bed
sample_A,cell_85186,/data/rds/DMP/UCEC/GENEVOD/ggandolfi/Github/ProCESS-scATAC/scripts/simulate_fragments/peak_based/fragments_cells_big_correct/cell_85186.bed
sample_A,cell_85214,/data/rds/DMP/UCEC/GENEVOD/ggandolfi/Github/ProCESS-scATAC/scripts/simulate_fragments/peak_based/fragments_cells_big_correct/cell_85214.bed
sample_A,cell_85218,/data/rds/DMP/UCEC/GENEVOD/ggandolfi/Github/ProCESS-scATAC/scripts/simulate_fragments/peak_based/fragments_cells_big_correct/cell_85218.bed
sample_A,cell_85337,/data/rds/DMP/UCEC/GENEVOD/ggandolfi/Github/ProCESS-scATAC/scripts/simulate_fragments/peak_based/fragments_cells_big_correct/cell_85337.bed
sample_A,cell_85456,/data/rds/DMP/UCEC/GENEVOD/ggandolfi/Github/ProCESS-scATAC/scripts/simulate_fragments/peak_based/fragments_cells_big_correct/cell_85456.bed
sample_A,cell_85744,/data/rds/DMP/UCEC/GENEVOD/ggandolfi/Github/ProCESS-scATAC/scripts/simulate_fragments/peak_based/fragments_cells_big_correct/cell_85744.bed
sample_A,cell_85782,/data/rds/DMP/UCEC/GENEVOD/ggandolfi/Github/ProCESS-scATAC/scripts/simulate_fragments/peak_based/fragments_cells_big_correct/cell_85782.bed
sample_A,cell_85920,/data/rds/DMP/UCEC/GENEVOD/ggandolfi/Github/ProCESS-scATAC/scripts/simulate_fragments/peak_based/fragments_cells_big_correct/cell_85920.bed
sample_A,cell_86180,/data/rds/DMP/UCEC/GENEVOD/ggandolfi/Github/ProCESS-scATAC/scripts/simulate_fragments/peak_based/fragments_cells_big_correct/cell_86180.bed
sample_A,cell_86181,/data/rds/DMP/UCEC/GENEVOD/ggandolfi/Github/ProCESS-scATAC/scripts/simulate_fragments/peak_based/fragments_cells_big_correct/cell_86181.bed
sample_A,cell_86289,/data/rds/DMP/UCEC/GENEVOD/ggandolfi/Github/ProCESS-scATAC/scripts/simulate_fragments/peak_based/fragments_cells_big_correct/cell_86289.bed
sample_A,cell_86398,/data/rds/DMP/UCEC/GENEVOD/ggandolfi/Github/ProCESS-scATAC/scripts/simulate_fragments/peak_based/fragments_cells_big_correct/cell_86398.bed
sample_A,cell_86399,/data/rds/DMP/UCEC/GENEVOD/ggandolfi/Github/ProCESS-scATAC/scripts/simulate_fragments/peak_based/fragments_cells_big_correct/cell_86399.bed
sample_A,cell_86432,/data/rds/DMP/UCEC/GENEVOD/ggandolfi/Github/ProCESS-scATAC/scripts/simulate_fragments/peak_based/fragments_cells_big_correct/cell_86432.bed
sample_A,cell_86468,/data/rds/DMP/UCEC/GENEVOD/ggandolfi/Github/ProCESS-scATAC/scripts/simulate_fragments/peak_based/fragments_cells_big_correct/cell_86468.bed
sample_A,cell_86583,/data/rds/DMP/UCEC/GENEVOD/ggandolfi/Github/ProCESS-scATAC/scripts/simulate_fragments/peak_based/fragments_cells_big_correct/cell_86583.bed
sample_A,cell_86972,/data/rds/DMP/UCEC/GENEVOD/ggandolfi/Github/ProCESS-scATAC/scripts/simulate_fragments/peak_based/fragments_cells_big_correct/cell_86972.bed
sample_A,cell_87003,/data/rds/DMP/UCEC/GENEVOD/ggandolfi/Github/ProCESS-scATAC/scripts/simulate_fragments/peak_based/fragments_cells_big_correct/cell_87003.bed
sample_A,cell_87033,/data/rds/DMP/UCEC/GENEVOD/ggandolfi/Github/ProCESS-scATAC/scripts/simulate_fragments/peak_based/fragments_cells_big_correct/cell_87033.bed
sample_A,cell_87059,/data/rds/DMP/UCEC/GENEVOD/ggandolfi/Github/ProCESS-scATAC/scripts/simulate_fragments/peak_based/fragments_cells_big_correct/cell_87059.bed
sample_A,cell_87142,/data/rds/DMP/UCEC/GENEVOD/ggandolfi/Github/ProCESS-scATAC/scripts/simulate_fragments/peak_based/fragments_cells_big_correct/cell_87142.bed
sample_A,cell_87187,/data/rds/DMP/UCEC/GENEVOD/ggandolfi/Github/ProCESS-scATAC/scripts/simulate_fragments/peak_based/fragments_cells_big_correct/cell_87187.bed
sample_A,cell_87408,/data/rds/DMP/UCEC/GENEVOD/ggandolfi/Github/ProCESS-scATAC/scripts/simulate_fragments/peak_based/fragments_cells_big_correct/cell_87408.bed
sample_A,cell_87409,/data/rds/DMP/UCEC/GENEVOD/ggandolfi/Github/ProCESS-scATAC/scripts/simulate_fragments/peak_based/fragments_cells_big_correct/cell_87409.bed
sample_A,cell_87549,/data/rds/DMP/UCEC/GENEVOD/ggandolfi/Github/ProCESS-scATAC/scripts/simulate_fragments/peak_based/fragments_cells_big_correct/cell_87549.bed
sample_A,cell_87618,/data/rds/DMP/UCEC/GENEVOD/ggandolfi/Github/ProCESS-scATAC/scripts/simulate_fragments/peak_based/fragments_cells_big_correct/cell_87618.bed
sample_A,cell_87674,/data/rds/DMP/UCEC/GENEVOD/ggandolfi/Github/ProCESS-scATAC/scripts/simulate_fragments/peak_based/fragments_cells_big_correct/cell_87674.bed
sample_A,cell_87722,/data/rds/DMP/UCEC/GENEVOD/ggandolfi/Github/ProCESS-scATAC/scripts/simulate_fragments/peak_based/fragments_cells_big_correct/cell_87722.bed
sample_A,cell_87740,/data/rds/DMP/UCEC/GENEVOD/ggandolfi/Github/ProCESS-scATAC/scripts/simulate_fragments/peak_based/fragments_cells_big_correct/cell_87740.bed
sample_A,cell_87741,/data/rds/DMP/UCEC/GENEVOD/ggandolfi/Github/ProCESS-scATAC/scripts/simulate_fragments/peak_based/fragments_cells_big_correct/cell_87741.bed
sample_A,cell_87754,/data/rds/DMP/UCEC/GENEVOD/ggandolfi/Github/ProCESS-scATAC/scripts/simulate_fragments/peak_based/fragments_cells_big_correct/cell_87754.bed
sample_A,cell_87888,/data/rds/DMP/UCEC/GENEVOD/ggandolfi/Github/ProCESS-scATAC/scripts/simulate_fragments/peak_based/fragments_cells_big_correct/cell_87888.bed
sample_A,cell_87973,/data/rds/DMP/UCEC/GENEVOD/ggandolfi/Github/ProCESS-scATAC/scripts/simulate_fragments/peak_based/fragments_cells_big_correct/cell_87973.bed
sample_A,cell_87978,/data/rds/DMP/UCEC/GENEVOD/ggandolfi/Github/ProCESS-scATAC/scripts/simulate_fragments/peak_based/fragments_cells_big_correct/cell_87978.bed
sample_A,cell_87979,/data/rds/DMP/UCEC/GENEVOD/ggandolfi/Github/ProCESS-scATAC/scripts/simulate_fragments/peak_based/fragments_cells_big_correct/cell_87979.bed
sample_A,cell_87980,/data/rds/DMP/UCEC/GENEVOD/ggandolfi/Github/ProCESS-scATAC/scripts/simulate_fragments/peak_based/fragments_cells_big_correct/cell_87980.bed
sample_A,cell_87986,/data/rds/DMP/UCEC/GENEVOD/ggandolfi/Github/ProCESS-scATAC/scripts/simulate_fragments/peak_based/fragments_cells_big_correct/cell_87986.bed
sample_A,cell_88012,/data/rds/DMP/UCEC/GENEVOD/ggandolfi/Github/ProCESS-scATAC/scripts/simulate_fragments/peak_based/fragments_cells_big_correct/cell_88012.bed
sample_A,cell_88013,/data/rds/DMP/UCEC/GENEVOD/ggandolfi/Github/ProCESS-scATAC/scripts/simulate_fragments/peak_based/fragments_cells_big_correct/cell_88013.bed
sample_A,cell_88027,/data/rds/DMP/UCEC/GENEVOD/ggandolfi/Github/ProCESS-scATAC/scripts/simulate_fragments/peak_based/fragments_cells_big_correct/cell_88027.bed
sample_A,cell_88036,/data/rds/DMP/UCEC/GENEVOD/ggandolfi/Github/ProCESS-scATAC/scripts/simulate_fragments/peak_based/fragments_cells_big_correct/cell_88036.bed
sample_A,cell_88050,/data/rds/DMP/UCEC/GENEVOD/ggandolfi/Github/ProCESS-scATAC/scripts/simulate_fragments/peak_based/fragments_cells_big_correct/cell_88050.bed
sample_A,cell_88067,/data/rds/DMP/UCEC/GENEVOD/ggandolfi/Github/ProCESS-scATAC/scripts/simulate_fragments/peak_based/fragments_cells_big_correct/cell_88067.bed
sample_A,cell_88118,/data/rds/DMP/UCEC/GENEVOD/ggandolfi/Github/ProCESS-scATAC/scripts/simulate_fragments/peak_based/fragments_cells_big_correct/cell_88118.bed
sample_A,cell_88138,/data/rds/DMP/UCEC/GENEVOD/ggandolfi/Github/ProCESS-scATAC/scripts/simulate_fragments/peak_based/fragments_cells_big_correct/cell_88138.bed
sample_A,cell_88139,/data/rds/DMP/UCEC/GENEVOD/ggandolfi/Github/ProCESS-scATAC/scripts/simulate_fragments/peak_based/fragments_cells_big_correct/cell_88139.bed
sample_A,cell_88161,/data/rds/DMP/UCEC/GENEVOD/ggandolfi/Github/ProCESS-scATAC/scripts/simulate_fragments/peak_based/fragments_cells_big_correct/cell_88161.bed
sample_A,cell_88176,/data/rds/DMP/UCEC/GENEVOD/ggandolfi/Github/ProCESS-scATAC/scripts/simulate_fragments/peak_based/fragments_cells_big_correct/cell_88176.bed
sample_A,cell_88281,/data/rds/DMP/UCEC/GENEVOD/ggandolfi/Github/ProCESS-scATAC/scripts/simulate_fragments/peak_based/fragments_cells_big_correct/cell_88281.bed
sample_A,cell_88320,/data/rds/DMP/UCEC/GENEVOD/ggandolfi/Github/ProCESS-scATAC/scripts/simulate_fragments/peak_based/fragments_cells_big_correct/cell_88320.bed
sample_A,cell_88326,/data/rds/DMP/UCEC/GENEVOD/ggandolfi/Github/ProCESS-scATAC/scripts/simulate_fragments/peak_based/fragments_cells_big_correct/cell_88326.bed
sample_A,cell_88357,/data/rds/DMP/UCEC/GENEVOD/ggandolfi/Github/ProCESS-scATAC/scripts/simulate_fragments/peak_based/fragments_cells_big_correct/cell_88357.bed
sample_A,cell_88438,/data/rds/DMP/UCEC/GENEVOD/ggandolfi/Github/ProCESS-scATAC/scripts/simulate_fragments/peak_based/fragments_cells_big_correct/cell_88438.bed
sample_A,cell_88439,/data/rds/DMP/UCEC/GENEVOD/ggandolfi/Github/ProCESS-scATAC/scripts/simulate_fragments/peak_based/fragments_cells_big_correct/cell_88439.bed
sample_A,cell_88606,/data/rds/DMP/UCEC/GENEVOD/ggandolfi/Github/ProCESS-scATAC/scripts/simulate_fragments/peak_based/fragments_cells_big_correct/cell_88606.bed
sample_A,cell_88654,/data/rds/DMP/UCEC/GENEVOD/ggandolfi/Github/ProCESS-scATAC/scripts/simulate_fragments/peak_based/fragments_cells_big_correct/cell_88654.bed
sample_A,cell_88690,/data/rds/DMP/UCEC/GENEVOD/ggandolfi/Github/ProCESS-scATAC/scripts/simulate_fragments/peak_based/fragments_cells_big_correct/cell_88690.bed
sample_A,cell_88691,/data/rds/DMP/UCEC/GENEVOD/ggandolfi/Github/ProCESS-scATAC/scripts/simulate_fragments/peak_based/fragments_cells_big_correct/cell_88691.bed
sample_A,cell_88702,/data/rds/DMP/UCEC/GENEVOD/ggandolfi/Github/ProCESS-scATAC/scripts/simulate_fragments/peak_based/fragments_cells_big_correct/cell_88702.bed
sample_A,cell_88744,/data/rds/DMP/UCEC/GENEVOD/ggandolfi/Github/ProCESS-scATAC/scripts/simulate_fragments/peak_based/fragments_cells_big_correct/cell_88744.bed
sample_A,cell_88747,/data/rds/DMP/UCEC/GENEVOD/ggandolfi/Github/ProCESS-scATAC/scripts/simulate_fragments/peak_based/fragments_cells_big_correct/cell_88747.bed
sample_A,cell_88795,/data/rds/DMP/UCEC/GENEVOD/ggandolfi/Github/ProCESS-scATAC/scripts/simulate_fragments/peak_based/fragments_cells_big_correct/cell_88795.bed
sample_A,cell_88796,/data/rds/DMP/UCEC/GENEVOD/ggandolfi/Github/ProCESS-scATAC/scripts/simulate_fragments/peak_based/fragments_cells_big_correct/cell_88796.bed
sample_A,cell_88858,/data/rds/DMP/UCEC/GENEVOD/ggandolfi/Github/ProCESS-scATAC/scripts/simulate_fragments/peak_based/fragments_cells_big_correct/cell_88858.bed
sample_A,cell_88859,/data/rds/DMP/UCEC/GENEVOD/ggandolfi/Github/ProCESS-scATAC/scripts/simulate_fragments/peak_based/fragments_cells_big_correct/cell_88859.bed
sample_A,cell_88866,/data/rds/DMP/UCEC/GENEVOD/ggandolfi/Github/ProCESS-scATAC/scripts/simulate_fragments/peak_based/fragments_cells_big_correct/cell_88866.bed
sample_A,cell_88867,/data/rds/DMP/UCEC/GENEVOD/ggandolfi/Github/ProCESS-scATAC/scripts/simulate_fragments/peak_based/fragments_cells_big_correct/cell_88867.bed
sample_A,cell_88878,/data/rds/DMP/UCEC/GENEVOD/ggandolfi/Github/ProCESS-scATAC/scripts/simulate_fragments/peak_based/fragments_cells_big_correct/cell_88878.bed
sample_A,cell_88892,/data/rds/DMP/UCEC/GENEVOD/ggandolfi/Github/ProCESS-scATAC/scripts/simulate_fragments/peak_based/fragments_cells_big_correct/cell_88892.bed
sample_A,cell_88893,/data/rds/DMP/UCEC/GENEVOD/ggandolfi/Github/ProCESS-scATAC/scripts/simulate_fragments/peak_based/fragments_cells_big_correct/cell_88893.bed
sample_A,cell_88935,/data/rds/DMP/UCEC/GENEVOD/ggandolfi/Github/ProCESS-scATAC/scripts/simulate_fragments/peak_based/fragments_cells_big_correct/cell_88935.bed
sample_A,cell_88958,/data/rds/DMP/UCEC/GENEVOD/ggandolfi/Github/ProCESS-scATAC/scripts/simulate_fragments/peak_based/fragments_cells_big_correct/cell_88958.bed
sample_A,cell_88959,/data/rds/DMP/UCEC/GENEVOD/ggandolfi/Github/ProCESS-scATAC/scripts/simulate_fragments/peak_based/fragments_cells_big_correct/cell_88959.bed
sample_A,cell_88972,/data/rds/DMP/UCEC/GENEVOD/ggandolfi/Github/ProCESS-scATAC/scripts/simulate_fragments/peak_based/fragments_cells_big_correct/cell_88972.bed
sample_A,cell_89066,/data/rds/DMP/UCEC/GENEVOD/ggandolfi/Github/ProCESS-scATAC/scripts/simulate_fragments/peak_based/fragments_cells_big_correct/cell_89066.bed
sample_A,cell_89067,/data/rds/DMP/UCEC/GENEVOD/ggandolfi/Github/ProCESS-scATAC/scripts/simulate_fragments/peak_based/fragments_cells_big_correct/cell_89067.bed
sample_A,cell_89072,/data/rds/DMP/UCEC/GENEVOD/ggandolfi/Github/ProCESS-scATAC/scripts/simulate_fragments/peak_based/fragments_cells_big_correct/cell_89072.bed
sample_A,cell_89076,/data/rds/DMP/UCEC/GENEVOD/ggandolfi/Github/ProCESS-scATAC/scripts/simulate_fragments/peak_based/fragments_cells_big_correct/cell_89076.bed
sample_A,cell_89094,/data/rds/DMP/UCEC/GENEVOD/ggandolfi/Github/ProCESS-scATAC/scripts/simulate_fragments/peak_based/fragments_cells_big_correct/cell_89094.bed
sample_A,cell_89095,/data/rds/DMP/UCEC/GENEVOD/ggandolfi/Github/ProCESS-scATAC/scripts/simulate_fragments/peak_based/fragments_cells_big_correct/cell_89095.bed
sample_A,cell_89120,/data/rds/DMP/UCEC/GENEVOD/ggandolfi/Github/ProCESS-scATAC/scripts/simulate_fragments/peak_based/fragments_cells_big_correct/cell_89120.bed
sample_A,cell_89210,/data/rds/DMP/UCEC/GENEVOD/ggandolfi/Github/ProCESS-scATAC/scripts/simulate_fragments/peak_based/fragments_cells_big_correct/cell_89210.bed
sample_A,cell_89268,/data/rds/DMP/UCEC/GENEVOD/ggandolfi/Github/ProCESS-scATAC/scripts/simulate_fragments/peak_based/fragments_cells_big_correct/cell_89268.bed
sample_A,cell_89278,/data/rds/DMP/UCEC/GENEVOD/ggandolfi/Github/ProCESS-scATAC/scripts/simulate_fragments/peak_based/fragments_cells_big_correct/cell_89278.bed
sample_A,cell_89362,/data/rds/DMP/UCEC/GENEVOD/ggandolfi/Github/ProCESS-scATAC/scripts/simulate_fragments/peak_based/fragments_cells_big_correct/cell_89362.bed
sample_A,cell_89416,/data/rds/DMP/UCEC/GENEVOD/ggandolfi/Github/ProCESS-scATAC/scripts/simulate_fragments/peak_based/fragments_cells_big_correct/cell_89416.bed
sample_A,cell_89503,/data/rds/DMP/UCEC/GENEVOD/ggandolfi/Github/ProCESS-scATAC/scripts/simulate_fragments/peak_based/fragments_cells_big_correct/cell_89503.bed
sample_A,cell_89591,/data/rds/DMP/UCEC/GENEVOD/ggandolfi/Github/ProCESS-scATAC/scripts/simulate_fragments/peak_based/fragments_cells_big_correct/cell_89591.bed
sample_A,cell_89698,/data/rds/DMP/UCEC/GENEVOD/ggandolfi/Github/ProCESS-scATAC/scripts/simulate_fragments/peak_based/fragments_cells_big_correct/cell_89698.bed
sample_A,cell_89764,/data/rds/DMP/UCEC/GENEVOD/ggandolfi/Github/ProCESS-scATAC/scripts/simulate_fragments/peak_based/fragments_cells_big_correct/cell_89764.bed
sample_A,cell_89788,/data/rds/DMP/UCEC/GENEVOD/ggandolfi/Github/ProCESS-scATAC/scripts/simulate_fragments/peak_based/fragments_cells_big_correct/cell_89788.bed
sample_A,cell_89909,/data/rds/DMP/UCEC/GENEVOD/ggandolfi/Github/ProCESS-scATAC/scripts/simulate_fragments/peak_based/fragments_cells_big_correct/cell_89909.bed
sample_A,cell_89942,/data/rds/DMP/UCEC/GENEVOD/ggandolfi/Github/ProCESS-scATAC/scripts/simulate_fragments/peak_based/fragments_cells_big_correct/cell_89942.bed
sample_A,cell_89944,/data/rds/DMP/UCEC/GENEVOD/ggandolfi/Github/ProCESS-scATAC/scripts/simulate_fragments/peak_based/fragments_cells_big_correct/cell_89944.bed
sample_A,cell_89945,/data/rds/DMP/UCEC/GENEVOD/ggandolfi/Github/ProCESS-scATAC/scripts/simulate_fragments/peak_based/fragments_cells_big_correct/cell_89945.bed
sample_A,cell_89980,/data/rds/DMP/UCEC/GENEVOD/ggandolfi/Github/ProCESS-scATAC/scripts/simulate_fragments/peak_based/fragments_cells_big_correct/cell_89980.bed
sample_A,cell_89981,/data/rds/DMP/UCEC/GENEVOD/ggandolfi/Github/ProCESS-scATAC/scripts/simulate_fragments/peak_based/fragments_cells_big_correct/cell_89981.bed
sample_A,cell_90022,/data/rds/DMP/UCEC/GENEVOD/ggandolfi/Github/ProCESS-scATAC/scripts/simulate_fragments/peak_based/fragments_cells_big_correct/cell_90022.bed
sample_A,cell_90584,/data/rds/DMP/UCEC/GENEVOD/ggandolfi/Github/ProCESS-scATAC/scripts/simulate_fragments/peak_based/fragments_cells_big_correct/cell_90584.bed
sample_A,cell_90585,/data/rds/DMP/UCEC/GENEVOD/ggandolfi/Github/ProCESS-scATAC/scripts/simulate_fragments/peak_based/fragments_cells_big_correct/cell_90585.bed
sample_A,cell_90657,/data/rds/DMP/UCEC/GENEVOD/ggandolfi/Github/ProCESS-scATAC/scripts/simulate_fragments/peak_based/fragments_cells_big_correct/cell_90657.bed
sample_A,cell_90664,/data/rds/DMP/UCEC/GENEVOD/ggandolfi/Github/ProCESS-scATAC/scripts/simulate_fragments/peak_based/fragments_cells_big_correct/cell_90664.bed
sample_A,cell_90694,/data/rds/DMP/UCEC/GENEVOD/ggandolfi/Github/ProCESS-scATAC/scripts/simulate_fragments/peak_based/fragments_cells_big_correct/cell_90694.bed
sample_A,cell_90706,/data/rds/DMP/UCEC/GENEVOD/ggandolfi/Github/ProCESS-scATAC/scripts/simulate_fragments/peak_based/fragments_cells_big_correct/cell_90706.bed
sample_A,cell_90720,/data/rds/DMP/UCEC/GENEVOD/ggandolfi/Github/ProCESS-scATAC/scripts/simulate_fragments/peak_based/fragments_cells_big_correct/cell_90720.bed
sample_A,cell_90804,/data/rds/DMP/UCEC/GENEVOD/ggandolfi/Github/ProCESS-scATAC/scripts/simulate_fragments/peak_based/fragments_cells_big_correct/cell_90804.bed
sample_A,cell_90932,/data/rds/DMP/UCEC/GENEVOD/ggandolfi/Github/ProCESS-scATAC/scripts/simulate_fragments/peak_based/fragments_cells_big_correct/cell_90932.bed
sample_A,cell_90933,/data/rds/DMP/UCEC/GENEVOD/ggandolfi/Github/ProCESS-scATAC/scripts/simulate_fragments/peak_based/fragments_cells_big_correct/cell_90933.bed
sample_A,cell_91102,/data/rds/DMP/UCEC/GENEVOD/ggandolfi/Github/ProCESS-scATAC/scripts/simulate_fragments/peak_based/fragments_cells_big_correct/cell_91102.bed
sample_A,cell_91136,/data/rds/DMP/UCEC/GENEVOD/ggandolfi/Github/ProCESS-scATAC/scripts/simulate_fragments/peak_based/fragments_cells_big_correct/cell_91136.bed
sample_A,cell_91169,/data/rds/DMP/UCEC/GENEVOD/ggandolfi/Github/ProCESS-scATAC/scripts/simulate_fragments/peak_based/fragments_cells_big_correct/cell_91169.bed
sample_A,cell_91390,/data/rds/DMP/UCEC/GENEVOD/ggandolfi/Github/ProCESS-scATAC/scripts/simulate_fragments/peak_based/fragments_cells_big_correct/cell_91390.bed
sample_A,cell_91394,/data/rds/DMP/UCEC/GENEVOD/ggandolfi/Github/ProCESS-scATAC/scripts/simulate_fragments/peak_based/fragments_cells_big_correct/cell_91394.bed
sample_A,cell_91430,/data/rds/DMP/UCEC/GENEVOD/ggandolfi/Github/ProCESS-scATAC/scripts/simulate_fragments/peak_based/fragments_cells_big_correct/cell_91430.bed
sample_A,cell_91474,/data/rds/DMP/UCEC/GENEVOD/ggandolfi/Github/ProCESS-scATAC/scripts/simulate_fragments/peak_based/fragments_cells_big_correct/cell_91474.bed
sample_A,cell_91582,/data/rds/DMP/UCEC/GENEVOD/ggandolfi/Github/ProCESS-scATAC/scripts/simulate_fragments/peak_based/fragments_cells_big_correct/cell_91582.bed
sample_A,cell_91677,/data/rds/DMP/UCEC/GENEVOD/ggandolfi/Github/ProCESS-scATAC/scripts/simulate_fragments/peak_based/fragments_cells_big_correct/cell_91677.bed
sample_A,cell_91714,/data/rds/DMP/UCEC/GENEVOD/ggandolfi/Github/ProCESS-scATAC/scripts/simulate_fragments/peak_based/fragments_cells_big_correct/cell_91714.bed
sample_A,cell_91741,/data/rds/DMP/UCEC/GENEVOD/ggandolfi/Github/ProCESS-scATAC/scripts/simulate_fragments/peak_based/fragments_cells_big_correct/cell_91741.bed
sample_A,cell_91752,/data/rds/DMP/UCEC/GENEVOD/ggandolfi/Github/ProCESS-scATAC/scripts/simulate_fragments/peak_based/fragments_cells_big_correct/cell_91752.bed
sample_A,cell_91858,/data/rds/DMP/UCEC/GENEVOD/ggandolfi/Github/ProCESS-scATAC/scripts/simulate_fragments/peak_based/fragments_cells_big_correct/cell_91858.bed
sample_A,cell_91888,/data/rds/DMP/UCEC/GENEVOD/ggandolfi/Github/ProCESS-scATAC/scripts/simulate_fragments/peak_based/fragments_cells_big_correct/cell_91888.bed
sample_A,cell_91964,/data/rds/DMP/UCEC/GENEVOD/ggandolfi/Github/ProCESS-scATAC/scripts/simulate_fragments/peak_based/fragments_cells_big_correct/cell_91964.bed
sample_A,cell_92033,/data/rds/DMP/UCEC/GENEVOD/ggandolfi/Github/ProCESS-scATAC/scripts/simulate_fragments/peak_based/fragments_cells_big_correct/cell_92033.bed
sample_A,cell_92047,/data/rds/DMP/UCEC/GENEVOD/ggandolfi/Github/ProCESS-scATAC/scripts/simulate_fragments/peak_based/fragments_cells_big_correct/cell_92047.bed
sample_A,cell_92072,/data/rds/DMP/UCEC/GENEVOD/ggandolfi/Github/ProCESS-scATAC/scripts/simulate_fragments/peak_based/fragments_cells_big_correct/cell_92072.bed
sample_A,cell_92108,/data/rds/DMP/UCEC/GENEVOD/ggandolfi/Github/ProCESS-scATAC/scripts/simulate_fragments/peak_based/fragments_cells_big_correct/cell_92108.bed
sample_A,cell_92109,/data/rds/DMP/UCEC/GENEVOD/ggandolfi/Github/ProCESS-scATAC/scripts/simulate_fragments/peak_based/fragments_cells_big_correct/cell_92109.bed
sample_A,cell_92136,/data/rds/DMP/UCEC/GENEVOD/ggandolfi/Github/ProCESS-scATAC/scripts/simulate_fragments/peak_based/fragments_cells_big_correct/cell_92136.bed
sample_A,cell_92198,/data/rds/DMP/UCEC/GENEVOD/ggandolfi/Github/ProCESS-scATAC/scripts/simulate_fragments/peak_based/fragments_cells_big_correct/cell_92198.bed
sample_A,cell_92231,/data/rds/DMP/UCEC/GENEVOD/ggandolfi/Github/ProCESS-scATAC/scripts/simulate_fragments/peak_based/fragments_cells_big_correct/cell_92231.bed
sample_A,cell_92246,/data/rds/DMP/UCEC/GENEVOD/ggandolfi/Github/ProCESS-scATAC/scripts/simulate_fragments/peak_based/fragments_cells_big_correct/cell_92246.bed
sample_A,cell_92282,/data/rds/DMP/UCEC/GENEVOD/ggandolfi/Github/ProCESS-scATAC/scripts/simulate_fragments/peak_based/fragments_cells_big_correct/cell_92282.bed
sample_A,cell_92283,/data/rds/DMP/UCEC/GENEVOD/ggandolfi/Github/ProCESS-scATAC/scripts/simulate_fragments/peak_based/fragments_cells_big_correct/cell_92283.bed
sample_A,cell_92318,/data/rds/DMP/UCEC/GENEVOD/ggandolfi/Github/ProCESS-scATAC/scripts/simulate_fragments/peak_based/fragments_cells_big_correct/cell_92318.bed
sample_A,cell_92365,/data/rds/DMP/UCEC/GENEVOD/ggandolfi/Github/ProCESS-scATAC/scripts/simulate_fragments/peak_based/fragments_cells_big_correct/cell_92365.bed
sample_A,cell_92369,/data/rds/DMP/UCEC/GENEVOD/ggandolfi/Github/ProCESS-scATAC/scripts/simulate_fragments/peak_based/fragments_cells_big_correct/cell_92369.bed
sample_A,cell_92431,/data/rds/DMP/UCEC/GENEVOD/ggandolfi/Github/ProCESS-scATAC/scripts/simulate_fragments/peak_based/fragments_cells_big_correct/cell_92431.bed
sample_A,cell_92458,/data/rds/DMP/UCEC/GENEVOD/ggandolfi/Github/ProCESS-scATAC/scripts/simulate_fragments/peak_based/fragments_cells_big_correct/cell_92458.bed
sample_A,cell_92473,/data/rds/DMP/UCEC/GENEVOD/ggandolfi/Github/ProCESS-scATAC/scripts/simulate_fragments/peak_based/fragments_cells_big_correct/cell_92473.bed
sample_A,cell_92506,/data/rds/DMP/UCEC/GENEVOD/ggandolfi/Github/ProCESS-scATAC/scripts/simulate_fragments/peak_based/fragments_cells_big_correct/cell_92506.bed
sample_A,cell_92530,/data/rds/DMP/UCEC/GENEVOD/ggandolfi/Github/ProCESS-scATAC/scripts/simulate_fragments/peak_based/fragments_cells_big_correct/cell_92530.bed
sample_A,cell_92549,/data/rds/DMP/UCEC/GENEVOD/ggandolfi/Github/ProCESS-scATAC/scripts/simulate_fragments/peak_based/fragments_cells_big_correct/cell_92549.bed
sample_A,cell_92554,/data/rds/DMP/UCEC/GENEVOD/ggandolfi/Github/ProCESS-scATAC/scripts/simulate_fragments/peak_based/fragments_cells_big_correct/cell_92554.bed
sample_A,cell_92556,/data/rds/DMP/UCEC/GENEVOD/ggandolfi/Github/ProCESS-scATAC/scripts/simulate_fragments/peak_based/fragments_cells_big_correct/cell_92556.bed
sample_A,cell_92706,/data/rds/DMP/UCEC/GENEVOD/ggandolfi/Github/ProCESS-scATAC/scripts/simulate_fragments/peak_based/fragments_cells_big_correct/cell_92706.bed
sample_A,cell_92708,/data/rds/DMP/UCEC/GENEVOD/ggandolfi/Github/ProCESS-scATAC/scripts/simulate_fragments/peak_based/fragments_cells_big_correct/cell_92708.bed
sample_A,cell_92726,/data/rds/DMP/UCEC/GENEVOD/ggandolfi/Github/ProCESS-scATAC/scripts/simulate_fragments/peak_based/fragments_cells_big_correct/cell_92726.bed
sample_A,cell_92845,/data/rds/DMP/UCEC/GENEVOD/ggandolfi/Github/ProCESS-scATAC/scripts/simulate_fragments/peak_based/fragments_cells_big_correct/cell_92845.bed
sample_A,cell_92900,/data/rds/DMP/UCEC/GENEVOD/ggandolfi/Github/ProCESS-scATAC/scripts/simulate_fragments/peak_based/fragments_cells_big_correct/cell_92900.bed
sample_A,cell_92936,/data/rds/DMP/UCEC/GENEVOD/ggandolfi/Github/ProCESS-scATAC/scripts/simulate_fragments/peak_based/fragments_cells_big_correct/cell_92936.bed
sample_A,cell_92942,/data/rds/DMP/UCEC/GENEVOD/ggandolfi/Github/ProCESS-scATAC/scripts/simulate_fragments/peak_based/fragments_cells_big_correct/cell_92942.bed
sample_A,cell_92943,/data/rds/DMP/UCEC/GENEVOD/ggandolfi/Github/ProCESS-scATAC/scripts/simulate_fragments/peak_based/fragments_cells_big_correct/cell_92943.bed
sample_A,cell_92974,/data/rds/DMP/UCEC/GENEVOD/ggandolfi/Github/ProCESS-scATAC/scripts/simulate_fragments/peak_based/fragments_cells_big_correct/cell_92974.bed
sample_A,cell_93019,/data/rds/DMP/UCEC/GENEVOD/ggandolfi/Github/ProCESS-scATAC/scripts/simulate_fragments/peak_based/fragments_cells_big_correct/cell_93019.bed
sample_A,cell_93072,/data/rds/DMP/UCEC/GENEVOD/ggandolfi/Github/ProCESS-scATAC/scripts/simulate_fragments/peak_based/fragments_cells_big_correct/cell_93072.bed
sample_A,cell_93098,/data/rds/DMP/UCEC/GENEVOD/ggandolfi/Github/ProCESS-scATAC/scripts/simulate_fragments/peak_based/fragments_cells_big_correct/cell_93098.bed
sample_A,cell_93118,/data/rds/DMP/UCEC/GENEVOD/ggandolfi/Github/ProCESS-scATAC/scripts/simulate_fragments/peak_based/fragments_cells_big_correct/cell_93118.bed
sample_A,cell_93119,/data/rds/DMP/UCEC/GENEVOD/ggandolfi/Github/ProCESS-scATAC/scripts/simulate_fragments/peak_based/fragments_cells_big_correct/cell_93119.bed
sample_A,cell_93121,/data/rds/DMP/UCEC/GENEVOD/ggandolfi/Github/ProCESS-scATAC/scripts/simulate_fragments/peak_based/fragments_cells_big_correct/cell_93121.bed
sample_A,cell_93128,/data/rds/DMP/UCEC/GENEVOD/ggandolfi/Github/ProCESS-scATAC/scripts/simulate_fragments/peak_based/fragments_cells_big_correct/cell_93128.bed
sample_A,cell_93266,/data/rds/DMP/UCEC/GENEVOD/ggandolfi/Github/ProCESS-scATAC/scripts/simulate_fragments/peak_based/fragments_cells_big_correct/cell_93266.bed
sample_A,cell_93267,/data/rds/DMP/UCEC/GENEVOD/ggandolfi/Github/ProCESS-scATAC/scripts/simulate_fragments/peak_based/fragments_cells_big_correct/cell_93267.bed
sample_A,cell_93342,/data/rds/DMP/UCEC/GENEVOD/ggandolfi/Github/ProCESS-scATAC/scripts/simulate_fragments/peak_based/fragments_cells_big_correct/cell_93342.bed
sample_A,cell_93356,/data/rds/DMP/UCEC/GENEVOD/ggandolfi/Github/ProCESS-scATAC/scripts/simulate_fragments/peak_based/fragments_cells_big_correct/cell_93356.bed
sample_A,cell_93357,/data/rds/DMP/UCEC/GENEVOD/ggandolfi/Github/ProCESS-scATAC/scripts/simulate_fragments/peak_based/fragments_cells_big_correct/cell_93357.bed
sample_A,cell_93378,/data/rds/DMP/UCEC/GENEVOD/ggandolfi/Github/ProCESS-scATAC/scripts/simulate_fragments/peak_based/fragments_cells_big_correct/cell_93378.bed
sample_A,cell_93379,/data/rds/DMP/UCEC/GENEVOD/ggandolfi/Github/ProCESS-scATAC/scripts/simulate_fragments/peak_based/fragments_cells_big_correct/cell_93379.bed
sample_A,cell_93409,/data/rds/DMP/UCEC/GENEVOD/ggandolfi/Github/ProCESS-scATAC/scripts/simulate_fragments/peak_based/fragments_cells_big_correct/cell_93409.bed
sample_A,cell_93428,/data/rds/DMP/UCEC/GENEVOD/ggandolfi/Github/ProCESS-scATAC/scripts/simulate_fragments/peak_based/fragments_cells_big_correct/cell_93428.bed
